0.00000000,0.11214710,0.14546131,0.16277444,0.13800994,0.10346698,0.09828965,0.09789517,0.11232666,0.08438473,0.09182412,0.12038474,0.09701888,0.15044365,0.15344147,0.09664919,0.10045263,0.10491790,0.13294026,0.10005444,0.12167918,0.11816260,0.09427509,0.09784672,0.09301418,0.32736247,0.32795282,0.32103533,0.32853727,0.32212435,0.32403928,0.32557802,0.32526155,0.32818867,0.32858378,0.32627564,0.32315182,0.32307859,0.32385267,0.32556643,0.32205975,0.32685197,0.32599767,0.32379971,0.32719831,0.32185194,0.32942630,0.32349339,0.09595258,0.09765588,0.09022228,0.09686565,0.10448537,0.09592611,0.10986836,0.10577492,0.09251856,0.08618159,0.08703848,0.10152789,0.10152789,0.10968459,0.09021000,0.10625772,0.09160696,0.10700189,0.10405716,0.10570491,0.11734163,0.24301544,0.23273606,0.22072312,0.16716637,0.15990941,0.17025532,0.23050708,0.24653557,0.23875882,0.26223651,0.13933418,0.15915090,0.17116081,0.23795703,0.19426668,0.17744730,0.22395272,0.23602154,0.13288835,0.20324598,0.24119807,0.31293841,0.30345803,0.20622763,0.28047943,0.30812255,0.19705143,0.48137830,0.20630435,0.23355713,0.47077070,0.36341435,0.28986236,0.27302862,0.21973247,0.25084577,0.21542443,0.36496575,0.29679931,0.16649118,0.21080640,0.22357710,0.22420579,0.15888853,0.27636675,0.27021586,0.23343948
0.11214710,0.00000000,0.09609727,0.14354794,0.11248230,0.12307088,0.09619350,0.09341702,0.07493945,0.11101148,0.08744134,0.10516211,0.11089164,0.16078015,0.16247809,0.09295619,0.08514956,0.08794639,0.11156925,0.08441129,0.08279177,0.08433467,0.09597263,0.08577695,0.08831726,0.34093904,0.34370450,0.33881464,0.34294085,0.33853355,0.33915586,0.34040683,0.33935258,0.34390830,0.34287214,0.34079130,0.33956243,0.33908411,0.34071142,0.34022232,0.33713078,0.34104442,0.34304358,0.33527924,0.34097525,0.33723200,0.34409232,0.33821689,0.08272899,0.08609841,0.09098710,0.07977729,0.09466291,0.08462574,0.10782106,0.08642703,0.11204617,0.09685105,0.11304226,0.12060869,0.12060869,0.08039550,0.09693058,0.10048772,0.08993643,0.12701025,0.10843068,0.09907775,0.10583976,0.30827551,0.26467311,0.25837364,0.20708440,0.22656024,0.21471419,0.29225492,0.28888074,0.25318330,0.29162262,0.18524338,0.20518440,0.23339954,0.28401724,0.24560771,0.22729264,0.28718023,0.28798358,0.19732609,0.26263456,0.26742866,0.33421144,0.30123577,0.25686111,0.30208440,0.35854630,0.20281415,0.50292634,0.27935115,0.23366320,0.48811623,0.37760202,0.32267503,0.33654680,0.26404139,0.25270704,0.27433702,0.38046739,0.31963350,0.14973594,0.26678671,0.24133638,0.21796216,0.13402153,0.29254800,0.29719372,0.23441011
0.14546131,0.09609727,0.00000000,0.11168095,0.06860410,0.13912356,0.11473139,0.10110472,0.10201399,0.11539841,0.11345495,0.10019399,0.12505377,0.15687687,0.16445667,0.10003115,0.08516149,0.11896932,0.09691773,0.09875286,0.08996757,0.08293012,0.09472511,0.08914311,0.08758908,0.28391566,0.28539829,0.28147713,0.28397852,0.28174911,0.28120158,0.28214959,0.28027291,0.28493507,0.28547857,0.28278103,0.28096538,0.28031215,0.28228518,0.28283699,0.27989909,0.28209072,0.28402344,0.28071520,0.28419626,0.28058447,0.28502621,0.28102766,0.10682917,0.11391089,0.12982098,0.10245611,0.11708518,0.09425483,0.10808952,0.11375850,0.11650471,0.12963455,0.12177808,0.12360210,0.12360210,0.08917047,0.11179634,0.10150616,0.12421751,0.12391455,0.10270399,0.09102752,0.10403993,0.36224156,0.30290837,0.30661623,0.24633480,0.25643793,0.24752810,0.33431787,0.35162499,0.27320593,0.34514765,0.19493768,0.24997566,0.28110567,0.33349425,0.27794962,0.26561394,0.33911969,0.34640695,0.22782406,0.29647702,0.31617468,0.37285547,0.35601352,0.29967636,0.35478999,0.42101405,0.20284910,0.48564497,0.30673453,0.25904827,0.43452315,0.32443715,0.36902901,0.39088011,0.28573408,0.28354288,0.31461741,0.32144420,0.37865760,0.16885546,0.30282716,0.22416869,0.20408750,0.10042074,0.33479938,0.33621408,0.26003885
0.16277444,0.14354794,0.11168095,0.00000000,0.08452181,0.15885770,0.14871475,0.14926874,0.15506512,0.12017301,0.13840152,0.12385842,0.15047206,0.09297092,0.12537755,0.13591006,0.11609812,0.15193698,0.11404579,0.15931930,0.14533212,0.13655524,0.11359785,0.13722877,0.14300219,0.16982681,0.17163119,0.16416810,0.17026297,0.16369855,0.16457128,0.16633441,0.16374852,0.17186629,0.17306964,0.16809029,0.16362924,0.16311893,0.16605694,0.16815722,0.16303306,0.16733066,0.16910682,0.16473238,0.17074735,0.16580436,0.17275520,0.16407858,0.15999547,0.16600320,0.18410608,0.15645709,0.14466291,0.15049419,0.12612899,0.15234718,0.13170812,0.15743504,0.14625637,0.14634838,0.14634838,0.13961010,0.14110405,0.13880307,0.16488254,0.12559339,0.12840678,0.10276731,0.14768873,0.21856655,0.15783212,0.16997183,0.13831629,0.13663188,0.12974439,0.19333122,0.20955516,0.14068025,0.20055280,0.10822422,0.14892487,0.16086172,0.18904408,0.14686516,0.15363294,0.20106163,0.20587049,0.13149988,0.15938999,0.17952706,0.22377098,0.20897065,0.17083002,0.21280646,0.26859774,0.14680075,0.33707471,0.17905247,0.14658643,0.31364001,0.21041745,0.23284205,0.26123979,0.16293293,0.15771765,0.20542789,0.20216012,0.23743089,0.10442533,0.17901859,0.11762175,0.10940832,0.07359772,0.21124125,0.19454379,0.14630549
0.13800994,0.11248230,0.06860410,0.08452181,0.00000000,0.12583650,0.11456025,0.10458262,0.11318580,0.10695520,0.10759994,0.08861688,0.12319206,0.11052301,0.12309848,0.09759163,0.08614029,0.11785918,0.08738048,0.10727894,0.10099153,0.08628728,0.08890130,0.09082941,0.10060964,0.23156766,0.23205365,0.22918983,0.23247646,0.22963267,0.23009615,0.23122184,0.22923515,0.23224604,0.23311800,0.23159433,0.22966584,0.22969120,0.22962691,0.23128567,0.22852452,0.23128417,0.23140057,0.23115580,0.23234976,0.23005657,0.23349428,0.22977168,0.11705983,0.11484714,0.13464067,0.11135435,0.11790570,0.10787346,0.10454577,0.11215244,0.11050300,0.12604621,0.11445045,0.12166230,0.12166230,0.10124037,0.10297476,0.09857487,0.12386042,0.11384043,0.10381603,0.09351262,0.10198717,0.31272288,0.25665291,0.25824876,0.20902819,0.22066186,0.20816464,0.28902635,0.30712035,0.23082443,0.29928794,0.16461702,0.21616578,0.23784940,0.28558820,0.24000860,0.22976389,0.29377067,0.30272193,0.19689504,0.25400126,0.27083275,0.32999701,0.31054319,0.26462372,0.30889045,0.37552158,0.15560073,0.43546891,0.26367719,0.21768136,0.38397936,0.27126580,0.32840774,0.34742977,0.24196251,0.24183993,0.27151043,0.27568379,0.33254620,0.14324456,0.26733497,0.18726554,0.17247446,0.08209275,0.28834009,0.29485025,0.22138291
0.10346698,0.12307088,0.13912356,0.15885770,0.12583650,0.00000000,0.09128566,0.09103705,0.11345245,0.08806536,0.09968682,0.09720771,0.09569960,0.12559037,0.12191485,0.09662865,0.10602326,0.12222844,0.11810968,0.10750352,0.11664361,0.09984414,0.09827535,0.09564705,0.09891538,0.28311762,0.28363390,0.27845803,0.28240506,0.28141468,0.28159505,0.28429974,0.28535367,0.28189132,0.28006349,0.28174713,0.28297249,0.28230758,0.27859881,0.28075203,0.28173677,0.28565895,0.27998730,0.28193767,0.28184872,0.27961724,0.28226446,0.27878441,0.10256706,0.10084610,0.10818536,0.10674164,0.13046059,0.10762042,0.09268408,0.11888837,0.08623727,0.09905738,0.09098171,0.09487933,0.09487933,0.10199080,0.09701023,0.11564141,0.10649789,0.10022124,0.09548545,0.10399474,0.09831753,0.20832969,0.22001659,0.21008696,0.16914465,0.18491704,0.16380077,0.24968510,0.23588509,0.21475821,0.25341665,0.13556948,0.17454912,0.18216795,0.22944523,0.19160493,0.16221064,0.23678578,0.23495380,0.14534808,0.21551360,0.22450764,0.28967100,0.27952588,0.19952842,0.26622521,0.27475422,0.14514367,0.43887326,0.18161742,0.20673705,0.42111926,0.31699395,0.26862850,0.22443076,0.19676911,0.22487962,0.17133640,0.33421677,0.26064033,0.15501065,0.20417470,0.19328275,0.19003110,0.13223298,0.25006192,0.24109711,0.20931400
0.09828965,0.09619350,0.11473139,0.14871475,0.11456025,0.09128566,0.00000000,0.07534391,0.08727015,0.08602495,0.07595622,0.07893238,0.09436596,0.13199211,0.12637868,0.07345103,0.08603778,0.09626165,0.11418993,0.08281835,0.09314506,0.08176725,0.08284756,0.07263002,0.07734349,0.31579016,0.31677210,0.31375053,0.31715206,0.31508973,0.31508406,0.31625255,0.31595466,0.31625390,0.31670038,0.31655444,0.31575511,0.31538188,0.31516854,0.31553110,0.31418604,0.31811059,0.31586450,0.31646984,0.31678311,0.31438863,0.31844275,0.31405364,0.08008454,0.08378919,0.08429510,0.07971945,0.09428991,0.08970798,0.08647648,0.09655396,0.09181142,0.08893434,0.09088111,0.10088924,0.10088924,0.07702397,0.07754614,0.09218219,0.08235182,0.10720749,0.08603334,0.09149486,0.08758035,0.26539078,0.22581601,0.22302558,0.18007710,0.19084588,0.17959017,0.25343382,0.25188605,0.22513880,0.25931136,0.14674727,0.17849004,0.20595597,0.24610784,0.20508051,0.19495432,0.24645168,0.24908873,0.16106476,0.21887239,0.22612133,0.29782595,0.29623675,0.21465404,0.28125077,0.31537308,0.15608952,0.47844588,0.22901004,0.21656400,0.46474138,0.35117369,0.27706308,0.28952365,0.21165934,0.23213637,0.22543456,0.36109739,0.27660407,0.14604049,0.23592389,0.21925459,0.20287132,0.12960486,0.27093643,0.24887640,0.21984225
0.09789517,0.09341702,0.10110472,0.14926874,0.10458262,0.09103705,0.07534391,0.00000000,0.07276569,0.08233133,0.08213334,0.08484369,0.09767475,0.13230769,0.12345917,0.07639279,0.08506195,0.09751172,0.10524763,0.07818443,0.08691641,0.07173840,0.07767334,0.07208324,0.07812615,0.31888807,0.31887005,0.31474230,0.31865628,0.31524397,0.31527673,0.31691017,0.31653506,0.31869574,0.31851592,0.31799354,0.31522153,0.31494485,0.31579606,0.31673206,0.31442395,0.31831677,0.31697185,0.31701189,0.31859190,0.31579169,0.31908574,0.31450913,0.07996004,0.08134274,0.08325128,0.07841028,0.08375060,0.07748494,0.09078368,0.08313145,0.08710052,0.08053116,0.09239070,0.08820509,0.08820509,0.07697997,0.08430613,0.08007184,0.08276171,0.10553973,0.07705964,0.08224247,0.08153838,0.25667536,0.22196540,0.21276556,0.18028930,0.18682419,0.17169162,0.25390231,0.25671760,0.22072658,0.26207148,0.15289796,0.18724843,0.20098651,0.23381350,0.19752512,0.18535204,0.24579387,0.25246193,0.16333082,0.20751568,0.22777995,0.30949648,0.28763892,0.20699108,0.28475967,0.30532245,0.16786297,0.48010266,0.22038451,0.22419469,0.46802137,0.35549214,0.28330375,0.30106715,0.22223569,0.24349823,0.22068189,0.36122056,0.27960512,0.15098459,0.22749530,0.21895921,0.20601740,0.12819386,0.26965567,0.25411036,0.22058313
0.11232666,0.07493945,0.10201399,0.15506512,0.11318580,0.11345245,0.08727015,0.07276569,0.00000000,0.11176963,0.08564233,0.08112159,0.11415694,0.16365164,0.15366653,0.07390574,0.07594862,0.07686690,0.10489652,0.06211513,0.06791140,0.06287767,0.08302032,0.06470533,0.06964829,0.34720063,0.34753200,0.34586586,0.34739279,0.34614469,0.34599367,0.34639893,0.34663963,0.34751937,0.34710232,0.34667677,0.34628208,0.34619590,0.34585050,0.34610588,0.34518537,0.34711279,0.34700863,0.34622613,0.34744569,0.34587831,0.34862802,0.34519388,0.07331589,0.07107905,0.07874042,0.06437819,0.09242814,0.07056069,0.09721167,0.08876912,0.10356059,0.08697884,0.10538262,0.11246365,0.11246365,0.06292514,0.08595688,0.08401353,0.06851007,0.12185751,0.09665032,0.09603160,0.07501256,0.36792197,0.31076947,0.30803674,0.26493896,0.27354824,0.25936948,0.34672930,0.35608403,0.29376259,0.35770214,0.21695263,0.26666906,0.29441114,0.34514017,0.28916976,0.26748810,0.34747196,0.35729943,0.23444978,0.31078909,0.32055361,0.37797998,0.36100409,0.30823964,0.36537831,0.43044181,0.21645373,0.51237291,0.32527237,0.28798694,0.50088583,0.38252480,0.37771730,0.41171780,0.31397010,0.30650110,0.31659862,0.39319234,0.38874826,0.19652066,0.32090138,0.25522398,0.21944504,0.13642371,0.36330186,0.35189612,0.28035831
0.08438473,0.11101148,0.11539841,0.12017301,0.10695520,0.08806536,0.08602495,0.08233133,0.11176963,0.00000000,0.08549775,0.09271521,0.08594186,0.11038517,0.11074311,0.08704249,0.09745773,0.10157012,0.10271243,0.09973377,0.11261332,0.09516969,0.08144440,0.09207036,0.09209326,0.26768365,0.26857137,0.25988594,0.26768310,0.26185988,0.26276263,0.26437506,0.26368231,0.26763145,0.26715996,0.26681022,0.26299179,0.26266013,0.26419520,0.26494836,0.26114050,0.26540191,0.26486357,0.26434082,0.26630583,0.26263189,0.26776633,0.26169063,0.08906128,0.10267765,0.09690555,0.10552348,0.09739110,0.09823077,0.08440888,0.10264655,0.08410110,0.09035950,0.08492597,0.09587156,0.09587156,0.09535418,0.09212703,0.09476700,0.09677688,0.09301011,0.08576488,0.09049125,0.09189713,0.20088927,0.18182300,0.18131190,0.13255828,0.13833641,0.12593803,0.21689144,0.20052176,0.18361684,0.21534654,0.11222730,0.13578138,0.15501077,0.18898460,0.15180535,0.14189630,0.19820968,0.19967920,0.11665340,0.17138574,0.19921735,0.26830691,0.24929143,0.16636286,0.24547898,0.25578089,0.15808197,0.42466400,0.16594491,0.18378189,0.41087316,0.30202828,0.24768110,0.24126117,0.17344147,0.20916189,0.18418994,0.30539203,0.24902256,0.12719877,0.17686988,0.18318880,0.18051050,0.11335432,0.22794919,0.21600193,0.18059728
0.09182412,0.08744134,0.11345495,0.13840152,0.10759994,0.09968682,0.07595622,0.08213334,0.08564233,0.08549775,0.00000000,0.08663049,0.09672414,0.13099743,0.13304351,0.06954223,0.08191971,0.08204227,0.10383085,0.08789147,0.08703204,0.08630165,0.07454842,0.07078753,0.07800844,0.31277959,0.31223690,0.30924967,0.31271600,0.30844731,0.31004337,0.31097680,0.30950246,0.31145862,0.31300201,0.31171579,0.30877779,0.30888283,0.30927941,0.31037385,0.30886906,0.31243825,0.31120039,0.31299457,0.31300641,0.31006500,0.31354119,0.30963236,0.07947995,0.07668530,0.08160262,0.07645865,0.07765309,0.08151552,0.08429717,0.08527133,0.08808367,0.07982619,0.09307993,0.10549085,0.10549085,0.07833500,0.07824041,0.08758761,0.07807032,0.09972421,0.09104515,0.07978472,0.08709448,0.24418847,0.21439575,0.20736569,0.16492394,0.17579628,0.17199511,0.24535869,0.23521877,0.20995217,0.25188234,0.12874798,0.17099802,0.18956391,0.22584178,0.18077137,0.17141514,0.24210788,0.24410945,0.14922903,0.19956360,0.22495953,0.29029739,0.29840392,0.20638685,0.26859504,0.29843223,0.17783141,0.47203596,0.19876981,0.21891885,0.46137153,0.34746703,0.25901100,0.29299836,0.21208699,0.22742846,0.22364113,0.35261246,0.27520038,0.13704002,0.19949406,0.20565385,0.19870411,0.13005623,0.25711397,0.24015454,0.20728221
0.12038474,0.10516211,0.10019399,0.12385842,0.08861688,0.09720771,0.07893238,0.08484369,0.08112159,0.09271521,0.08663049,0.00000000,0.10730803,0.11085932,0.10181883,0.06851797,0.07448268,0.10676541,0.08201963,0.08077332,0.07806906,0.07329404,0.06851347,0.07177798,0.07368510,0.25530230,0.25515187,0.25587843,0.25469917,0.25629488,0.25484053,0.25562599,0.25703029,0.25578874,0.25464726,0.25463438,0.25702549,0.25549153,0.25474258,0.25475213,0.25501350,0.25567267,0.25393661,0.25462861,0.25450143,0.25488621,0.25561771,0.25447405,0.08618396,0.09093012,0.10047423,0.07870570,0.12514372,0.09487522,0.09851149,0.11587451,0.10359399,0.11130251,0.10610977,0.11073030,0.11073030,0.08252765,0.08326307,0.10361216,0.08672643,0.11213355,0.09109271,0.08830671,0.07692012,0.21520052,0.19158699,0.20116771,0.15194113,0.15603455,0.14540461,0.23463385,0.21524548,0.18896997,0.23215288,0.13129056,0.15718507,0.17083102,0.21276413,0.16303762,0.15585188,0.21069592,0.21171485,0.13644522,0.19913101,0.19654812,0.27516106,0.25286427,0.17697000,0.25335497,0.24664556,0.12960793,0.42246295,0.18189313,0.17461257,0.40661673,0.29552028,0.25555776,0.23844300,0.19604592,0.20839697,0.17944426,0.31090694,0.23561326,0.11654428,0.19719588,0.17444211,0.16706820,0.09159332,0.23655099,0.21790983,0.17415440
0.09701888,0.11089164,0.12505377,0.15047206,0.12319206,0.09569960,0.09436596,0.09767475,0.11415694,0.08594186,0.09672414,0.10730803,0.00000000,0.13541080,0.14370139,0.09934091,0.11274329,0.12272687,0.12380933,0.11330300,0.13071797,0.10732034,0.09795344,0.09950282,0.10844999,0.29894171,0.30219893,0.29263121,0.30110354,0.29459311,0.29601655,0.29761173,0.29586517,0.30175052,0.29999690,0.29751290,0.29571272,0.29541963,0.29758483,0.29772323,0.29316663,0.29827196,0.29961458,0.29335133,0.29927205,0.29548100,0.30229907,0.29406834,0.10331690,0.10855145,0.10120318,0.10826350,0.10873840,0.11052936,0.09394142,0.10799741,0.08389452,0.09708326,0.08786627,0.08562476,0.08562476,0.10774025,0.11076728,0.11040714,0.10517903,0.09834924,0.09449202,0.10450265,0.11054239,0.20805787,0.20412346,0.20286866,0.13915607,0.13940794,0.13046258,0.22374654,0.21742894,0.21137045,0.23573516,0.12733592,0.13992916,0.15225202,0.20915986,0.17019815,0.15061134,0.19781003,0.20336369,0.12776436,0.19269272,0.21661220,0.29444292,0.27333342,0.18545541,0.26415532,0.27086964,0.18222836,0.44852546,0.19613675,0.20508371,0.43251383,0.32882480,0.27253712,0.24059594,0.19738228,0.22345396,0.18172478,0.33034302,0.26373469,0.15015207,0.18224863,0.21117874,0.20965516,0.13710636,0.24836182,0.23834201,0.21171544
0.15044365,0.16078015,0.15687687,0.09297092,0.11052301,0.12559037,0.13199211,0.13230769,0.16365164,0.11038517,0.13099743,0.11085932,0.13541080,0.00000000,0.08914303,0.12478047,0.11948482,0.16159871,0.11686008,0.15088148,0.15959725,0.14258768,0.11176668,0.13382277,0.12656432,0.17713591,0.17724099,0.16618933,0.17746479,0.16771179,0.17046262,0.17518867,0.17283576,0.17700736,0.17594646,0.17428491,0.16863498,0.16849819,0.16831244,0.17251379,0.16653614,0.17646613,0.17228940,0.17299916,0.17511374,0.17033485,0.17910063,0.16646822,0.15606732,0.15270435,0.17015112,0.14998050,0.14189705,0.14298102,0.11158489,0.14643685,0.11050195,0.16190529,0.12486778,0.12906158,0.12906158,0.14522783,0.13231195,0.12924589,0.16029486,0.11626400,0.10935235,0.10592943,0.12978655,0.21273619,0.15816730,0.16543721,0.13614563,0.13882422,0.13336636,0.19323353,0.20426200,0.13776920,0.19693617,0.10958607,0.14442877,0.16192352,0.18483654,0.15158190,0.15636177,0.20521761,0.21067985,0.13166393,0.15815135,0.17285639,0.22143539,0.20854221,0.16820620,0.21110780,0.25782011,0.10157220,0.32702973,0.17566030,0.13682233,0.30328423,0.20895402,0.20853665,0.22177596,0.13654223,0.15123297,0.18741696,0.20950621,0.22527192,0.11655097,0.17361934,0.11081381,0.13527438,0.09969814,0.16943989,0.17933833,0.15684100
0.15344147,0.16247809,0.16445667,0.12537755,0.12309848,0.12191485,0.12637868,0.12345917,0.15366653,0.11074311,0.13304351,0.10181883,0.14370139,0.08914303,0.00000000,0.11962859,0.12897782,0.17562570,0.12337929,0.13869875,0.16254715,0.13782830,0.10370347,0.12555314,0.11844748,0.17900569,0.17850516,0.17017013,0.17800305,0.17731640,0.17497917,0.17967450,0.18166405,0.17596102,0.17270968,0.17753645,0.17762565,0.17672497,0.17112860,0.17347000,0.17551378,0.18207313,0.17341729,0.17626970,0.17577212,0.17044572,0.17793359,0.16979782,0.14384525,0.15688381,0.16834979,0.14418769,0.16800408,0.15892412,0.12812008,0.16561147,0.12151903,0.16038642,0.13012465,0.13430716,0.13430716,0.14586977,0.13859246,0.15861698,0.15619057,0.11278957,0.11760572,0.10898257,0.11767450,0.19954169,0.16486018,0.16665106,0.14880214,0.16211641,0.13880539,0.19128687,0.20520990,0.16221858,0.19804943,0.12634389,0.15616527,0.16341966,0.18251404,0.16766957,0.14924331,0.18852716,0.20090986,0.14073753,0.17688406,0.17149180,0.21793925,0.19403789,0.17597919,0.21144688,0.22980758,0.11229718,0.32532619,0.17287110,0.14969746,0.30056818,0.21277945,0.21486426,0.20352363,0.13354049,0.16382908,0.17103932,0.23330900,0.20246320,0.13722642,0.16673870,0.12536001,0.13579518,0.11220811,0.19592118,0.18171678,0.15857633
0.09664919,0.09295619,0.10003115,0.13591006,0.09759163,0.09662865,0.07345103,0.07639279,0.07390574,0.08704249,0.06954223,0.06851797,0.09934091,0.12478047,0.11962859,0.00000000,0.06889281,0.08472817,0.08760478,0.06677849,0.06701044,0.06680390,0.06412089,0.06264656,0.06673046,0.30617726,0.30591755,0.30478398,0.30524586,0.30495390,0.30466486,0.30509776,0.30538533,0.30543040,0.30552193,0.30493264,0.30491855,0.30455909,0.30406535,0.30447070,0.30443093,0.30568135,0.30488422,0.30559107,0.30620656,0.30498580,0.30611310,0.30443580,0.06783725,0.07628108,0.08209561,0.06250803,0.09012976,0.06843490,0.08900234,0.09460812,0.09148090,0.08879774,0.09575771,0.09769903,0.09769903,0.06284573,0.07393857,0.08166537,0.06759019,0.10070906,0.08729403,0.08140340,0.07348988,0.28056310,0.21996739,0.22363837,0.18711560,0.19111117,0.18234034,0.25248867,0.26920723,0.20779163,0.26519873,0.14795504,0.19062716,0.21089022,0.25475822,0.20491139,0.19344192,0.26221326,0.26853456,0.16537703,0.22050093,0.23505513,0.29240418,0.29049836,0.22599048,0.27548113,0.33862996,0.16665064,0.47278038,0.23550074,0.21051546,0.46042721,0.34274274,0.28775485,0.32488610,0.23418547,0.23255073,0.24249583,0.35345069,0.29954337,0.13825955,0.23614396,0.20018202,0.18929746,0.11642999,0.27647176,0.26218258,0.20218931
0.10045263,0.08514956,0.08516149,0.11609812,0.08614029,0.10602326,0.08603778,0.08506195,0.07594862,0.09745773,0.08191971,0.07448268,0.11274329,0.11948482,0.12897782,0.06889281,0.00000000,0.08906629,0.08745350,0.07544480,0.06681862,0.06842576,0.07154617,0.06518729,0.07432810,0.29682394,0.29685520,0.29576805,0.29691341,0.29563298,0.29562269,0.29634610,0.29602103,0.29728987,0.29704258,0.29610045,0.29549298,0.29568950,0.29608918,0.29612547,0.29506381,0.29597666,0.29606261,0.29572083,0.29656410,0.29577841,0.29686598,0.29553210,0.07967478,0.08576140,0.09135263,0.06887576,0.10664241,0.08733639,0.10019307,0.09074385,0.09427539,0.10369139,0.09557342,0.10582190,0.10582190,0.07004169,0.08388064,0.08782170,0.07821554,0.11476413,0.09747389,0.08728736,0.08595071,0.30407303,0.24375130,0.24364580,0.20416154,0.20856981,0.19624682,0.27782179,0.29492375,0.21257617,0.28999402,0.15141516,0.21292384,0.23169970,0.27647024,0.22377750,0.21320744,0.29269813,0.29770255,0.17723897,0.23805327,0.26021241,0.30853085,0.30003312,0.24834752,0.29661276,0.36393824,0.17473471,0.46285755,0.25188130,0.22783008,0.45129123,0.33313255,0.30366902,0.34467297,0.24754752,0.23694238,0.26653713,0.34221227,0.32553174,0.15323304,0.25100530,0.19869003,0.18280430,0.10496477,0.28990629,0.28038203,0.20896221
0.10491790,0.08794639,0.11896932,0.15193698,0.11785918,0.12222844,0.09626165,0.09751172,0.07686690,0.10157012,0.08204227,0.10676541,0.12272687,0.16159871,0.17562570,0.08472817,0.08906629,0.00000000,0.12394200,0.07751692,0.08336283,0.08605380,0.09520791,0.07750103,0.08167478,0.36617357,0.36695209,0.36156190,0.36746410,0.36233871,0.36386525,0.36486925,0.36229027,0.36677965,0.36804966,0.36606273,0.36225312,0.36267280,0.36466866,0.36563131,0.36155500,0.36538429,0.36617028,0.36516320,0.36675319,0.36317268,0.36833258,0.36337579,0.07785252,0.07285203,0.08064495,0.07996899,0.08455590,0.07794051,0.10420957,0.08433322,0.10820890,0.09102045,0.10545677,0.12611693,0.12611693,0.07868746,0.08247418,0.08976525,0.07727379,0.12397402,0.10404275,0.10369243,0.09643495,0.30369047,0.25779347,0.26044197,0.21805499,0.22557640,0.22060376,0.27518208,0.28830823,0.24666361,0.28777265,0.17334503,0.22121262,0.23265554,0.27817371,0.23933294,0.23142820,0.29155202,0.29567085,0.19296507,0.24838872,0.26635985,0.33401657,0.32754154,0.26238735,0.29265665,0.35230763,0.20771995,0.52701631,0.25097466,0.24216666,0.51644158,0.39899127,0.30409375,0.33729902,0.25275409,0.27083973,0.27239192,0.39973766,0.31819310,0.15621657,0.25397481,0.24986749,0.23309392,0.15744830,0.29121610,0.28788379,0.25175850
0.13294026,0.11156925,0.09691773,0.11404579,0.08738048,0.11810968,0.11418993,0.10524763,0.10489652,0.10271243,0.10383085,0.08201963,0.12380933,0.11686008,0.12337929,0.08760478,0.08745350,0.12394200,0.00000000,0.10445093,0.08841453,0.08596537,0.08309177,0.08613410,0.09336444,0.21973788,0.21978283,0.21801354,0.21920759,0.21914984,0.21860746,0.21819007,0.21835886,0.21884973,0.21974666,0.21840228,0.21857624,0.21862470,0.21815871,0.21832935,0.21837893,0.21960220,0.21914292,0.21914074,0.21919795,0.21882197,0.21956018,0.21763493,0.10980249,0.12358641,0.12844450,0.10425748,0.13431728,0.10979818,0.11007740,0.13427546,0.10785339,0.13427791,0.12276119,0.12414724,0.12414724,0.09322374,0.10287820,0.11745819,0.11523182,0.11351460,0.10202660,0.08939052,0.09501408,0.18343013,0.15201517,0.16540058,0.13403523,0.13488456,0.14202796,0.19949456,0.18367975,0.14503981,0.19475169,0.11891619,0.13807376,0.15176116,0.17882985,0.13494803,0.14452325,0.18692917,0.18579095,0.11970656,0.15194218,0.16328900,0.22794859,0.22330810,0.14971523,0.20711722,0.22892178,0.13836890,0.37982840,0.15316587,0.15429916,0.36564392,0.25949145,0.22158904,0.22943237,0.17264231,0.17809964,0.16275999,0.26592209,0.19562326,0.10384266,0.16740067,0.14396870,0.13191506,0.07843123,0.19973960,0.19139874,0.13603251
0.10005444,0.08441129,0.09875286,0.15931930,0.10727894,0.10750352,0.08281835,0.07818443,0.06211513,0.09973377,0.08789147,0.08077332,0.11330300,0.15088148,0.13869875,0.06677849,0.07544480,0.07751692,0.10445093,0.00000000,0.06078746,0.06092060,0.08253428,0.07217185,0.06184852,0.34142882,0.34146276,0.34089275,0.34150814,0.34066327,0.34061656,0.34101509,0.34163520,0.34134833,0.34121913,0.34137598,0.34179136,0.34123879,0.34104029,0.34098199,0.34085467,0.34225632,0.34173919,0.34153231,0.34110189,0.34014374,0.34210619,0.34032609,0.06808267,0.07069773,0.08068060,0.06594258,0.10065431,0.07487719,0.10310094,0.08845634,0.09968986,0.08602284,0.10142067,0.10878239,0.10878239,0.06584042,0.08227828,0.08929404,0.07264051,0.11887889,0.10290007,0.10106379,0.07202545,0.35310332,0.29476971,0.29560095,0.24615999,0.26005351,0.24342582,0.32990635,0.34212202,0.27661153,0.33819636,0.20158921,0.24940277,0.27731788,0.32792453,0.27614414,0.25937305,0.33293665,0.34413439,0.22482012,0.29186299,0.30611818,0.36259513,0.34583655,0.29527842,0.34914383,0.41483605,0.20289107,0.50753447,0.30456155,0.26277833,0.49642340,0.37774131,0.36271932,0.38337429,0.27783171,0.28073940,0.29613347,0.39054723,0.36655480,0.18095355,0.30412680,0.24094693,0.21799168,0.13022086,0.33521400,0.33311324,0.26263095
0.12167918,0.08279177,0.08996757,0.14533212,0.10099153,0.11664361,0.09314506,0.08691641,0.06791140,0.11261332,0.08703204,0.07806906,0.13071797,0.15959725,0.16254715,0.06701044,0.06681862,0.08336283,0.08841453,0.06078746,0.00000000,0.05827076,0.09073403,0.06940856,0.07253894,0.33606922,0.33523353,0.33593062,0.33511064,0.33533830,0.33507575,0.33543161,0.33589635,0.33530763,0.33536678,0.33525263,0.33578712,0.33529712,0.33489493,0.33511009,0.33528596,0.33598255,0.33529467,0.33553251,0.33560724,0.33506073,0.33558451,0.33479626,0.07163747,0.07727055,0.08575661,0.06730271,0.11469875,0.07696393,0.10845453,0.10903954,0.10969609,0.09509898,0.11876249,0.12746420,0.12746420,0.06540079,0.08304906,0.09857871,0.07480071,0.12756124,0.11072173,0.10196202,0.06871603,0.36988301,0.30798964,0.31524559,0.26249982,0.26882690,0.25582948,0.34350374,0.36033338,0.27947570,0.35568049,0.20394395,0.26811452,0.29054792,0.34450223,0.28891502,0.26850393,0.35064490,0.35977132,0.23374576,0.30185769,0.32293720,0.37602213,0.36582648,0.30921957,0.36660514,0.43017423,0.21557379,0.50364258,0.31586387,0.28247353,0.49240531,0.37079263,0.37165179,0.40561444,0.30672115,0.29676601,0.31524477,0.38434749,0.38939354,0.19500283,0.31638057,0.24302771,0.21219509,0.12206721,0.35799970,0.34474949,0.27059918
0.11816260,0.08433467,0.08293012,0.13655524,0.08628728,0.09984414,0.08176725,0.07173840,0.06287767,0.09516969,0.08630165,0.07329404,0.10732034,0.14258768,0.13782830,0.06680390,0.06842576,0.08605380,0.08596537,0.06092060,0.05827076,0.00000000,0.08130675,0.06847944,0.06473157,0.31089482,0.31102906,0.30946918,0.31058119,0.31043606,0.30973625,0.30987102,0.31028143,0.31110360,0.31084452,0.30982160,0.31005282,0.30943250,0.30939305,0.30954861,0.30939629,0.31094659,0.31021043,0.31033136,0.31084379,0.30991025,0.31145799,0.30943634,0.07311646,0.06960893,0.08789572,0.07019105,0.09981132,0.07858138,0.08373477,0.10082735,0.09486147,0.09114730,0.09744323,0.09670794,0.09670794,0.06012098,0.07744406,0.07735628,0.07997338,0.10200895,0.09514264,0.08930512,0.06736433,0.34026126,0.27950196,0.28977923,0.23043104,0.24078457,0.23112635,0.31755792,0.32917979,0.25770557,0.32513716,0.18539623,0.23988853,0.26483102,0.31492417,0.26013595,0.24554269,0.31921332,0.32097621,0.21551323,0.27342802,0.29471054,0.35041486,0.33212210,0.28314813,0.33400181,0.39738788,0.19089352,0.47767163,0.28923005,0.24655539,0.46549896,0.34755527,0.34577485,0.36827963,0.27039061,0.26576167,0.28950793,0.35854470,0.35158064,0.16655203,0.28187709,0.20986270,0.19132986,0.10252199,0.31657949,0.31566772,0.25022161
0.09427509,0.09597263,0.09472511,0.11359785,0.08890130,0.09827535,0.08284756,0.07767334,0.08302032,0.08144440,0.07454842,0.06851347,0.09795344,0.11176668,0.10370347,0.06412089,0.07154617,0.09520791,0.08309177,0.08253428,0.09073403,0.08130675,0.00000000,0.06554790,0.06908569,0.25093999,0.25281163,0.25033694,0.25111566,0.25115520,0.25019067,0.25098427,0.25271407,0.25139649,0.25071661,0.25077245,0.25092861,0.25091870,0.25034233,0.24992313,0.25113348,0.25191528,0.25080577,0.25053415,0.25122741,0.24948398,0.25152444,0.24976575,0.07765560,0.09094631,0.09199703,0.08139896,0.10446334,0.09243834,0.09237134,0.09690328,0.08839783,0.09640314,0.08626155,0.10228884,0.10228884,0.07391952,0.08138207,0.09407243,0.07864348,0.10291923,0.08126529,0.07859358,0.08177060,0.24847171,0.18802930,0.18722597,0.16649428,0.16714534,0.16126269,0.22588294,0.24096518,0.18625537,0.23475601,0.13273546,0.17094071,0.18904064,0.22330530,0.18116373,0.16938434,0.23439505,0.24095553,0.13757065,0.19553857,0.20527640,0.27423818,0.25091276,0.19542079,0.24535143,0.30466140,0.15731968,0.41963296,0.20831477,0.19199725,0.40529778,0.29126761,0.27082945,0.30126844,0.21715922,0.21100119,0.21362232,0.30513460,0.26442986,0.11894011,0.21408356,0.16667607,0.16424956,0.09432418,0.25703310,0.23863510,0.18705870
0.09784672,0.08577695,0.08914311,0.13722877,0.09082941,0.09564705,0.07263002,0.07208324,0.06470533,0.09207036,0.07078753,0.07177798,0.09950282,0.13382277,0.12555314,0.06264656,0.06518729,0.07750103,0.08613410,0.07217185,0.06940856,0.06847944,0.06554790,0.00000000,0.06034536,0.31263676,0.31275141,0.31129856,0.31253136,0.31134577,0.31124984,0.31129805,0.31134286,0.31246170,0.31278413,0.31209664,0.31101532,0.31040236,0.31129225,0.31177230,0.31060822,0.31206120,0.31171944,0.31168959,0.31261401,0.31121673,0.31303511,0.31097350,0.07004926,0.07479812,0.08186855,0.06292796,0.09222241,0.07345143,0.09637484,0.08867193,0.09246870,0.09302468,0.09197914,0.10252615,0.10252615,0.06451882,0.07569677,0.08604618,0.07307407,0.11251815,0.08741829,0.08375337,0.07759477,0.28956787,0.23019437,0.23253271,0.19578383,0.20377866,0.18923593,0.26846616,0.27818545,0.21686752,0.27641629,0.15730660,0.19661318,0.22270430,0.26658633,0.21462647,0.20028008,0.27580044,0.28094199,0.16877011,0.23360366,0.24463977,0.30018527,0.28957949,0.23250204,0.28481496,0.34536291,0.17892762,0.47716145,0.24791109,0.22432425,0.46721174,0.34974580,0.30672146,0.33406249,0.24551922,0.23777995,0.24732720,0.35757042,0.30668108,0.13857540,0.24693656,0.20797462,0.19173753,0.11405434,0.29320880,0.27245400,0.21179200
0.09301418,0.08831726,0.08758908,0.14300219,0.10060964,0.09891538,0.07734349,0.07812615,0.06964829,0.09209326,0.07800844,0.07368510,0.10844999,0.12656432,0.11844748,0.06673046,0.07432810,0.08167478,0.09336444,0.06184852,0.07253894,0.06473157,0.06908569,0.06034536,0.00000000,0.31048716,0.31136545,0.30938126,0.31052024,0.30991247,0.30939139,0.31024425,0.31102356,0.31097412,0.31051526,0.31036497,0.30996129,0.30981479,0.30935465,0.30957559,0.30969575,0.31069623,0.30957376,0.30981311,0.31051235,0.30867761,0.31087981,0.30875426,0.07259936,0.07111543,0.08267981,0.06222344,0.09103930,0.07355827,0.09550736,0.08914093,0.09149677,0.08879857,0.09303858,0.10842620,0.10842620,0.07028158,0.08106580,0.08542802,0.07441601,0.11079827,0.09202814,0.08781288,0.07362526,0.33102856,0.26949421,0.26522716,0.22801948,0.23820797,0.22995958,0.30714809,0.32484445,0.24797713,0.32090192,0.18339883,0.23754464,0.25934869,0.30977052,0.25649364,0.23754451,0.31189608,0.32055246,0.19970915,0.27093671,0.29180727,0.34300397,0.32873379,0.27957098,0.32259918,0.39609326,0.18423024,0.47748661,0.27860612,0.24491676,0.46463869,0.34905234,0.34146039,0.37688695,0.27320177,0.27165803,0.28401538,0.35974977,0.35389648,0.16054604,0.27989875,0.21209259,0.19211660,0.11030824,0.31603386,0.31824501,0.24231868
0.32736247,0.34093904,0.28391566,0.16982681,0.23156766,0.28311762,0.31579016,0.31888807,0.34720063,0.26768365,0.31277959,0.25530230,0.29894171,0.17713591,0.17900569,0.30617726,0.29682394,0.36617357,0.21973788,0.34142882,0.33606922,0.31089482,0.25093999,0.31263676,0.31048716,0.00000000,0.02028778,0.02819655,0.01680823,0.02660617,0.02585988,0.02059411,0.03021583,0.02128164,0.02421048,0.02080766,0.02838036,0.02916441,0.02487806,0.02100465,0.02745526,0.02014407,0.02330417,0.02300987,0.01723351,0.02214105,0.01721546,0.02207574,0.35760898,0.36713620,0.38492662,0.35359986,0.35179862,0.35350233,0.29787378,0.36088664,0.28404250,0.35968608,0.30055056,0.30298956,0.30298956,0.32891208,0.31880716,0.33714516,0.36540665,0.27291107,0.28078542,0.25846972,0.30597270,0.17606696,0.11883809,0.13103174,0.14032039,0.12650561,0.13187400,0.15411457,0.16978403,0.11459177,0.15102827,0.14899083,0.13945316,0.15099379,0.14956076,0.13376614,0.14571706,0.17402257,0.17310168,0.14259307,0.13435917,0.13030719,0.18355591,0.15216415,0.13641081,0.16526814,0.21650982,0.19133585,0.28604283,0.15498031,0.14372113,0.16597043,0.09857871,0.20630439,0.21467859,0.15557126,0.14281117,0.18265891,0.09615065,0.18372701,0.14452720,0.17224932,0.12469533,0.10813418,0.16702687,0.17741467,0.15912040,0.16833313
0.32795282,0.34370450,0.28539829,0.17163119,0.23205365,0.28363390,0.31677210,0.31887005,0.34753200,0.26857137,0.31223690,0.25515187,0.30219893,0.17724099,0.17850516,0.30591755,0.29685520,0.36695209,0.21978283,0.34146276,0.33523353,0.31102906,0.25281163,0.31275141,0.31136545,0.02028778,0.00000000,0.03105776,0.01779662,0.02793004,0.02475534,0.02092256,0.03084253,0.01921136,0.02338473,0.01971600,0.02620254,0.02622071,0.02230913,0.02106020,0.02997646,0.02587156,0.02240468,0.03053001,0.01933263,0.02425594,0.02028239,0.02400445,0.35792334,0.36766000,0.38554218,0.35377488,0.35475858,0.35405164,0.29855395,0.36291402,0.28577148,0.36049651,0.30119647,0.30438657,0.30438657,0.32861282,0.31890148,0.33729499,0.36635371,0.27390625,0.28024898,0.26003805,0.30623941,0.17641485,0.12034121,0.12966557,0.14245107,0.12646624,0.13356197,0.15534590,0.17050132,0.11559945,0.15171048,0.14978532,0.14225081,0.15244506,0.15025755,0.13494222,0.14626390,0.17641203,0.17441354,0.14143338,0.13646750,0.13097136,0.18372075,0.15404142,0.13540262,0.16585815,0.21753909,0.19448970,0.28827580,0.15663719,0.14834608,0.16791580,0.10198253,0.21235869,0.21984899,0.16139329,0.14759446,0.18286567,0.09966827,0.18386497,0.14834799,0.17279082,0.13037765,0.10785249,0.16964641,0.18264656,0.16012383,0.16885537
0.32103533,0.33881464,0.28147713,0.16416810,0.22918983,0.27845803,0.31375053,0.31474230,0.34586586,0.25988594,0.30924967,0.25587843,0.29263121,0.16618933,0.17017013,0.30478398,0.29576805,0.36156190,0.21801354,0.34089275,0.33593062,0.30946918,0.25033694,0.31129856,0.30938126,0.02819655,0.03105776,0.00000000,0.02753272,0.02914563,0.02613545,0.02787545,0.02910469,0.02920294,0.02833583,0.02630392,0.02939970,0.02792699,0.02469541,0.02720099,0.02728342,0.03004766,0.02630706,0.02859414,0.02795888,0.02588782,0.03001658,0.02542968,0.35503770,0.36462167,0.38136937,0.35135555,0.34324889,0.34972885,0.29088020,0.35285740,0.27870280,0.35429123,0.29398965,0.29328928,0.29328928,0.32726243,0.31622058,0.32960951,0.36345499,0.26415615,0.27613120,0.25552577,0.30402843,0.16910858,0.11426897,0.13010653,0.12931840,0.11523362,0.12269918,0.15038279,0.16311157,0.10399982,0.14261632,0.13747188,0.13008727,0.14047359,0.14223425,0.12828676,0.13821658,0.16823047,0.16719780,0.13467452,0.12528965,0.12486278,0.17811039,0.14606209,0.13105699,0.15830668,0.21092579,0.17942665,0.27712980,0.15121670,0.12956546,0.16283562,0.09716362,0.19370029,0.19554571,0.13865360,0.12164359,0.17875633,0.08877159,0.16996373,0.13669482,0.15684159,0.10501753,0.10197807,0.16252829,0.16091969,0.14613715,0.16481827
0.32853727,0.34294085,0.28397852,0.17026297,0.23247646,0.28240506,0.31715206,0.31865628,0.34739279,0.26768310,0.31271600,0.25469917,0.30110354,0.17746479,0.17800305,0.30524586,0.29691341,0.36746410,0.21920759,0.34150814,0.33511064,0.31058119,0.25111566,0.31253136,0.31052024,0.01680823,0.01779662,0.02753272,0.00000000,0.02783583,0.02066706,0.01832693,0.02713728,0.01867105,0.02039614,0.01708323,0.02459917,0.02568561,0.02019654,0.01777950,0.02834331,0.02018563,0.02013026,0.02635243,0.01907917,0.02384977,0.01480304,0.02121226,0.35728346,0.36779039,0.38510461,0.35360364,0.35460139,0.35384254,0.29918023,0.36372837,0.28615386,0.36053036,0.30113195,0.30433299,0.30433299,0.32822261,0.31981375,0.33860220,0.36594208,0.27382263,0.28081603,0.25902004,0.30555916,0.17607176,0.11904431,0.12909433,0.14239807,0.12684711,0.13209328,0.15578286,0.17051861,0.11459588,0.15140107,0.14957664,0.14120940,0.15259607,0.15038143,0.13486117,0.14509779,0.17455018,0.17430726,0.14244982,0.13689351,0.13154922,0.18455060,0.15303349,0.13475086,0.16608389,0.21758961,0.19589316,0.28932649,0.15632878,0.14737283,0.16691362,0.10046653,0.21115019,0.21949111,0.16009851,0.14751612,0.18200792,0.09990825,0.18412869,0.14681664,0.17378954,0.13093437,0.10628508,0.16774916,0.18353278,0.15966342,0.16779215
0.32212435,0.33853355,0.28174911,0.16369855,0.22963267,0.28141468,0.31508973,0.31524397,0.34614469,0.26185988,0.30844731,0.25629488,0.29459311,0.16771179,0.17731640,0.30495390,0.29563298,0.36233871,0.21914984,0.34066327,0.33533830,0.31043606,0.25115520,0.31134577,0.30991247,0.02660617,0.02793004,0.02914563,0.02783583,0.00000000,0.02516890,0.02320004,0.02237750,0.02645954,0.02951037,0.02732728,0.02108738,0.02362841,0.02537780,0.02501015,0.02430895,0.02683261,0.02646921,0.03003685,0.02595368,0.02421913,0.03003327,0.02546700,0.35532462,0.36418394,0.38179148,0.35157761,0.34323768,0.34985213,0.29202747,0.35373492,0.27976844,0.35465359,0.29500109,0.29534132,0.29534132,0.32795905,0.31685373,0.33120269,0.36441156,0.26671506,0.27840632,0.25487430,0.30607559,0.17078652,0.11436289,0.12887492,0.13135762,0.11756928,0.12409765,0.14903023,0.16351505,0.10502926,0.14506846,0.13946415,0.13118168,0.14296540,0.14206545,0.12921842,0.14229904,0.17213860,0.17095942,0.13621368,0.12688585,0.12531651,0.17976371,0.15012240,0.12894972,0.15867906,0.21113381,0.17987831,0.27737785,0.14949318,0.13112330,0.16431346,0.09634097,0.19418792,0.19797321,0.13958008,0.12276520,0.17844333,0.07682041,0.17369390,0.13799932,0.16046993,0.11015139,0.10348023,0.16432931,0.15960813,0.14520091,0.16506855
0.32403928,0.33915586,0.28120158,0.16457128,0.23009615,0.28159505,0.31508406,0.31527673,0.34599367,0.26276263,0.31004337,0.25484053,0.29601655,0.17046262,0.17497917,0.30466486,0.29562269,0.36386525,0.21860746,0.34061656,0.33507575,0.30973625,0.25019067,0.31124984,0.30939139,0.02585988,0.02475534,0.02613545,0.02066706,0.02516890,0.00000000,0.01804110,0.02182417,0.01862142,0.02400306,0.02213446,0.02203277,0.01869819,0.02463439,0.02075978,0.02237674,0.02385748,0.01998146,0.02884345,0.02448647,0.02191543,0.02275875,0.01868731,0.35514351,0.36488861,0.38201008,0.35202294,0.34671358,0.35100326,0.29402089,0.35689034,0.28139885,0.35615684,0.29565217,0.29868733,0.29868733,0.32719876,0.31750392,0.33323674,0.36423999,0.26672521,0.27701827,0.25527278,0.30440654,0.17172051,0.11476165,0.13002864,0.13458633,0.11691777,0.12574692,0.14931519,0.16472908,0.10333684,0.14410675,0.13837866,0.13215474,0.14314523,0.14397221,0.12951265,0.14087960,0.16988610,0.16879932,0.13608286,0.12688683,0.12529483,0.17975664,0.14907011,0.12978337,0.15999861,0.21161060,0.18289934,0.28221404,0.15043986,0.13477273,0.16373532,0.09689117,0.19930294,0.20492739,0.14541906,0.12998625,0.17957774,0.08263570,0.17568155,0.14033609,0.16299608,0.11553244,0.10334976,0.16324974,0.16810319,0.14793834,0.16458179
0.32557802,0.34040683,0.28214959,0.16633441,0.23122184,0.28429974,0.31625255,0.31691017,0.34639893,0.26437506,0.31097680,0.25562599,0.29761173,0.17518867,0.17967450,0.30509776,0.29634610,0.36486925,0.21819007,0.34101509,0.33543161,0.30987102,0.25098427,0.31129805,0.31024425,0.02059411,0.02092256,0.02787545,0.01832693,0.02320004,0.01804110,0.00000000,0.02080736,0.01924972,0.02525158,0.01876966,0.02128610,0.01842212,0.02123498,0.01866007,0.02191229,0.02040691,0.01918322,0.02647161,0.02257998,0.02359222,0.01920120,0.01925910,0.35560957,0.36617542,0.38336843,0.35261593,0.34875139,0.35209518,0.29632128,0.35906098,0.28410483,0.35724812,0.29869707,0.29978703,0.29978703,0.32760293,0.31809922,0.33478648,0.36493248,0.26959994,0.27790589,0.25657165,0.30566184,0.17332058,0.11526486,0.13129839,0.13589406,0.12012978,0.12570470,0.15150645,0.16577806,0.10617300,0.14596387,0.14070356,0.13385546,0.14583351,0.14554624,0.13160025,0.14091543,0.17030077,0.16949489,0.13797732,0.12986477,0.12555719,0.18077709,0.14941101,0.13111308,0.16247939,0.21265350,0.18900639,0.28446809,0.15169062,0.13742022,0.16443067,0.09811355,0.20167383,0.20797895,0.14954889,0.13455146,0.18051403,0.08490629,0.17705097,0.14106833,0.16597162,0.11902557,0.10242344,0.16453714,0.17230286,0.15109599,0.16517617
0.32526155,0.33935258,0.28027291,0.16374852,0.22923515,0.28535367,0.31595466,0.31653506,0.34663963,0.26368231,0.30950246,0.25703029,0.29586517,0.17283576,0.18166405,0.30538533,0.29602103,0.36229027,0.21835886,0.34163520,0.33589635,0.31028143,0.25271407,0.31134286,0.31102356,0.03021583,0.03084253,0.02910469,0.02713728,0.02237750,0.02182417,0.02080736,0.00000000,0.02542524,0.03705305,0.02259798,0.01838688,0.02097654,0.02984282,0.02864421,0.02123216,0.02317939,0.02671507,0.03165663,0.02999620,0.02567001,0.03008793,0.02453614,0.35514512,0.36522885,0.38210801,0.35215362,0.34452621,0.35042790,0.29400218,0.35507769,0.28157330,0.35626223,0.29766171,0.29812697,0.29812697,0.32814405,0.31751104,0.33205080,0.36400615,0.26733896,0.27812877,0.25565816,0.30761109,0.17075826,0.11383057,0.13343622,0.13182088,0.11488129,0.12313681,0.14861211,0.16282719,0.10017435,0.14347792,0.13627257,0.12881442,0.14040221,0.14192690,0.12885797,0.14063442,0.16884283,0.16755489,0.13607496,0.12443003,0.12398785,0.17909526,0.14816831,0.12863756,0.16073652,0.20898531,0.18071040,0.27953953,0.14986731,0.13181168,0.16229349,0.09824630,0.19564234,0.20089591,0.14104015,0.12342745,0.18066112,0.07164279,0.17450600,0.13640038,0.16086484,0.11125912,0.10072622,0.16189323,0.16438005,0.14408250,0.16317151
0.32818867,0.34390830,0.28493507,0.17186629,0.23224604,0.28189132,0.31625390,0.31869574,0.34751937,0.26763145,0.31145862,0.25578874,0.30175052,0.17700736,0.17596102,0.30543040,0.29728987,0.36677965,0.21884973,0.34134833,0.33530763,0.31110360,0.25139649,0.31246170,0.31097412,0.02128164,0.01921136,0.02920294,0.01867105,0.02645954,0.01862142,0.01924972,0.02542524,0.00000000,0.02476082,0.02154426,0.02502969,0.02425133,0.02525821,0.02215070,0.02734220,0.02757587,0.02081565,0.03089086,0.02248207,0.02378145,0.01918647,0.02042046,0.35760824,0.36734703,0.38499258,0.35394941,0.35418594,0.35399022,0.29835985,0.36394863,0.28623375,0.36018691,0.30023505,0.30534313,0.30534313,0.32836047,0.31963518,0.33755995,0.36614278,0.27443164,0.27997706,0.25972624,0.30550669,0.17618596,0.11867961,0.13026401,0.14256108,0.12642518,0.13368667,0.15551242,0.17059916,0.11416870,0.15129513,0.14861253,0.14157362,0.15252015,0.14997485,0.13504492,0.14616604,0.17642690,0.17515136,0.14157673,0.13588295,0.13044006,0.18401966,0.15330951,0.13474598,0.16600887,0.21690870,0.19556077,0.28956926,0.15565107,0.14895303,0.16756345,0.10212737,0.21282673,0.22028844,0.16136525,0.14841091,0.18190375,0.09963533,0.18383913,0.14715152,0.17379101,0.13168033,0.10756014,0.16778999,0.18387542,0.15917608,0.16807171
0.32858378,0.34287214,0.28547857,0.17306964,0.23311800,0.28006349,0.31670038,0.31851592,0.34710232,0.26715996,0.31300201,0.25464726,0.29999690,0.17594646,0.17270968,0.30552193,0.29704258,0.36804966,0.21974666,0.34121913,0.33536678,0.31084452,0.25071661,0.31278413,0.31051526,0.02421048,0.02338473,0.02833583,0.02039614,0.02951037,0.02400306,0.02525158,0.03705305,0.02476082,0.00000000,0.02192388,0.03326418,0.02913369,0.02092842,0.02083069,0.02964760,0.02977831,0.02043076,0.02638426,0.02011737,0.02529670,0.02170151,0.02363363,0.35769350,0.36749687,0.38545928,0.35414836,0.35624214,0.35452965,0.29864351,0.36438006,0.28644165,0.36057792,0.29894200,0.30383537,0.30383537,0.32818965,0.32037717,0.33889953,0.36682043,0.27508121,0.27992296,0.25984624,0.30415472,0.17732640,0.12114045,0.12798939,0.14349013,0.12960106,0.13464387,0.15782799,0.17118864,0.11719109,0.15258853,0.15164741,0.14250918,0.15500381,0.15239230,0.13679072,0.14640029,0.17671925,0.17584366,0.14361877,0.13962440,0.13110235,0.18585437,0.15378075,0.13634481,0.16611376,0.21843652,0.19803507,0.28978432,0.15845915,0.15060555,0.16792399,0.10177684,0.21381958,0.22138754,0.16390195,0.15153898,0.18264339,0.11214545,0.18476679,0.14966854,0.17553244,0.13285929,0.10919300,0.16866132,0.18547621,0.16301481,0.16872795
0.32627564,0.34079130,0.28278103,0.16809029,0.23159433,0.28174713,0.31655444,0.31799354,0.34667677,0.26681022,0.31171579,0.25463438,0.29751290,0.17428491,0.17753645,0.30493264,0.29610045,0.36606273,0.21840228,0.34137598,0.33525263,0.30982160,0.25077245,0.31209664,0.31036497,0.02080766,0.01971600,0.02630392,0.01708323,0.02732728,0.02213446,0.01876966,0.02259798,0.02154426,0.02192388,0.00000000,0.02355810,0.02232086,0.01973264,0.01984434,0.02544910,0.01980796,0.02066893,0.02498657,0.02275093,0.02501399,0.02192392,0.02005558,0.35627412,0.36645487,0.38407604,0.35331289,0.35159423,0.35257231,0.29686043,0.36073158,0.28413543,0.35888467,0.29899961,0.30106997,0.30106997,0.32740045,0.31856133,0.33633262,0.36503978,0.27165305,0.27788608,0.25749508,0.30508866,0.17468695,0.11734882,0.12972679,0.13889679,0.12311023,0.12959133,0.15298586,0.16724107,0.11040202,0.14810711,0.14555992,0.13737607,0.14895387,0.14726943,0.13321180,0.14345720,0.17302069,0.17233034,0.13990367,0.13367422,0.12815346,0.18175504,0.15138085,0.13311811,0.16397498,0.21515257,0.19109280,0.28579374,0.15462975,0.14144840,0.16536465,0.09988946,0.20569631,0.21435265,0.15456684,0.14050972,0.18215831,0.09222045,0.18126309,0.14472424,0.16908574,0.12569742,0.10372783,0.16581801,0.17744246,0.15463439,0.16613553
0.32315182,0.33956243,0.28096538,0.16362924,0.22966584,0.28297249,0.31575511,0.31522153,0.34628208,0.26299179,0.30877779,0.25702549,0.29571272,0.16863498,0.17762565,0.30491855,0.29549298,0.36225312,0.21857624,0.34179136,0.33578712,0.31005282,0.25092861,0.31101532,0.30996129,0.02838036,0.02620254,0.02939970,0.02459917,0.02108738,0.02203277,0.02128610,0.01838688,0.02502969,0.03326418,0.02355810,0.00000000,0.02045980,0.02778675,0.02374514,0.02074038,0.02100035,0.02466391,0.03170545,0.02895482,0.02463860,0.02395450,0.02118598,0.35525541,0.36422955,0.38095013,0.35182389,0.34289558,0.35042042,0.29219743,0.35408575,0.27982947,0.35528500,0.29548662,0.29679910,0.29679910,0.32803828,0.31738191,0.33078866,0.36378400,0.26547146,0.27855517,0.25546415,0.30623060,0.16979169,0.11394553,0.13131772,0.13189719,0.11492286,0.12474804,0.14963664,0.16377088,0.10115842,0.14373083,0.13684315,0.13068930,0.14073992,0.14276991,0.12909095,0.14037784,0.17082726,0.16813165,0.13560774,0.12462832,0.12757783,0.17860962,0.14719691,0.12963202,0.15809652,0.21134018,0.17810357,0.27872121,0.14896207,0.13124441,0.16315516,0.09883903,0.19400709,0.19998616,0.13739847,0.12212705,0.18060803,0.07334992,0.17337997,0.13719218,0.16016572,0.11013105,0.09936778,0.16291971,0.16271042,0.14297099,0.16448080
0.32307859,0.33908411,0.28031215,0.16311893,0.22969120,0.28230758,0.31538188,0.31494485,0.34619590,0.26266013,0.30888283,0.25549153,0.29541963,0.16849819,0.17672497,0.30455909,0.29568950,0.36267280,0.21862470,0.34123879,0.33529712,0.30943250,0.25091870,0.31040236,0.30981479,0.02916441,0.02622071,0.02792699,0.02568561,0.02362841,0.01869819,0.01842212,0.02097654,0.02425133,0.02913369,0.02232086,0.02045980,0.00000000,0.02437183,0.02115528,0.01983135,0.02322255,0.02048678,0.03232102,0.02875032,0.02654254,0.02620716,0.02202707,0.35473785,0.36441886,0.38128355,0.35164087,0.34362417,0.35010021,0.29265315,0.35507614,0.28042723,0.35473657,0.29598909,0.29680196,0.29680196,0.32710696,0.31685598,0.33153195,0.36346990,0.26520144,0.27755841,0.25428555,0.30583706,0.16953994,0.11302664,0.13063598,0.13064044,0.11356603,0.12323821,0.14833507,0.16328973,0.10018091,0.14312804,0.13511363,0.12935133,0.13999782,0.14173614,0.12807334,0.13869616,0.16898832,0.16679725,0.13493197,0.12432650,0.12442508,0.17756566,0.14796431,0.12844449,0.15840055,0.20968503,0.17833652,0.27968137,0.14867375,0.12989856,0.16299505,0.09637151,0.19346769,0.19912824,0.13929335,0.12131078,0.17910908,0.07495206,0.17402315,0.13722911,0.15905407,0.11023235,0.09940434,0.16241409,0.16226280,0.14230365,0.16388184
0.32385267,0.34071142,0.28228518,0.16605694,0.22962691,0.27859881,0.31516854,0.31579606,0.34585050,0.26419520,0.30927941,0.25474258,0.29758483,0.16831244,0.17112860,0.30406535,0.29608918,0.36466866,0.21815871,0.34104029,0.33489493,0.30939305,0.25034233,0.31129225,0.30935465,0.02487806,0.02230913,0.02469541,0.02019654,0.02537780,0.02463439,0.02123498,0.02984282,0.02525821,0.02092842,0.01973264,0.02778675,0.02437183,0.00000000,0.02244619,0.02677240,0.02812181,0.02042905,0.02697683,0.02218766,0.02305570,0.02516247,0.02381970,0.35618125,0.36448946,0.38162213,0.35232823,0.34733887,0.35143353,0.29347239,0.35816492,0.28038972,0.35585199,0.29618420,0.29958076,0.29958076,0.32738717,0.31694270,0.33236897,0.36413247,0.26604141,0.27813693,0.25600060,0.30398799,0.17184241,0.11386471,0.12713627,0.13675491,0.11997389,0.12776342,0.15127595,0.16794125,0.10573868,0.14641622,0.13989361,0.13571938,0.14585834,0.14502540,0.13080390,0.14147211,0.17120214,0.16935326,0.13680321,0.12852216,0.12721042,0.17892735,0.15017735,0.13149996,0.15987897,0.21311431,0.18005219,0.28297771,0.15050135,0.13799738,0.16503773,0.09800081,0.20178646,0.20909298,0.14682775,0.13141031,0.17915514,0.09771190,0.17833093,0.14267963,0.16436688,0.11861061,0.10463073,0.16599638,0.17162082,0.14859383,0.16609142
0.32556643,0.34022232,0.28283699,0.16815722,0.23128567,0.28075203,0.31553110,0.31673206,0.34610588,0.26494836,0.31037385,0.25475213,0.29772323,0.17251379,0.17347000,0.30447070,0.29612547,0.36563131,0.21832935,0.34098199,0.33511009,0.30954861,0.24992313,0.31177230,0.30957559,0.02100465,0.02106020,0.02720099,0.01777950,0.02501015,0.02075978,0.01866007,0.02864421,0.02215070,0.02083069,0.01984434,0.02374514,0.02115528,0.02244619,0.00000000,0.02439431,0.02419299,0.01891844,0.02495893,0.02187506,0.02223585,0.01938356,0.02374781,0.35645502,0.36599198,0.38308418,0.35286168,0.34966811,0.35241633,0.29454511,0.36038105,0.28316981,0.35762339,0.29659802,0.30071627,0.30071627,0.32757423,0.31862986,0.33543196,0.36510651,0.26971374,0.27801644,0.25658147,0.30395764,0.17294673,0.11715771,0.12895562,0.13784326,0.12220997,0.12931262,0.15342636,0.16672099,0.10838585,0.14742938,0.14421106,0.13742595,0.14912062,0.14798392,0.13169581,0.14333733,0.17197597,0.17180604,0.14009674,0.13207260,0.12894236,0.18145690,0.15083158,0.13283903,0.16230928,0.21493823,0.18854572,0.28534527,0.15290508,0.14188666,0.16566875,0.09988369,0.20378774,0.21218645,0.15071838,0.13778224,0.18111939,0.09587581,0.17958659,0.14240350,0.16855327,0.12367299,0.10299317,0.16526297,0.17619880,0.15281747,0.16678826
0.32205975,0.33713078,0.27989909,0.16303306,0.22852452,0.28173677,0.31418604,0.31442395,0.34518537,0.26114050,0.30886906,0.25501350,0.29316663,0.16653614,0.17551378,0.30443093,0.29506381,0.36155500,0.21837893,0.34085467,0.33528596,0.30939629,0.25113348,0.31060822,0.30969575,0.02745526,0.02997646,0.02728342,0.02834331,0.02430895,0.02237674,0.02191229,0.02123216,0.02734220,0.02964760,0.02544910,0.02074038,0.01983135,0.02677240,0.02439431,0.00000000,0.02515507,0.02503770,0.02649022,0.02804211,0.01976290,0.02895708,0.02248056,0.35470924,0.36373654,0.38083714,0.35123112,0.34144159,0.34978563,0.29114420,0.35282933,0.27842158,0.35451186,0.29409968,0.29558913,0.29558913,0.32722037,0.31611253,0.32997717,0.36343755,0.26349458,0.27681710,0.25411946,0.30515842,0.16871280,0.11477561,0.13033874,0.12975413,0.11434386,0.12171585,0.14741582,0.16198097,0.09971119,0.14233196,0.13466491,0.12961472,0.13820734,0.13991789,0.12709347,0.13929918,0.16779637,0.16562884,0.13365655,0.12263482,0.12448770,0.17703922,0.14706021,0.12958875,0.15779978,0.20890679,0.17411945,0.27712506,0.14852954,0.12752710,0.16175621,0.09534724,0.19101934,0.19723957,0.13522689,0.11743798,0.17898965,0.07339849,0.17290832,0.13592615,0.15918929,0.10634759,0.10029947,0.16139994,0.15895327,0.14156154,0.16394769
0.32685197,0.34104442,0.28209072,0.16733066,0.23128417,0.28565895,0.31811059,0.31831677,0.34711279,0.26540191,0.31243825,0.25567267,0.29827196,0.17646613,0.18207313,0.30568135,0.29597666,0.36538429,0.21960220,0.34225632,0.33598255,0.31094659,0.25191528,0.31206120,0.31069623,0.02014407,0.02587156,0.03004766,0.02018563,0.02683261,0.02385748,0.02040691,0.02317939,0.02757587,0.02977831,0.01980796,0.02100035,0.02322255,0.02812181,0.02419299,0.02515507,0.00000000,0.02184485,0.02504739,0.02255363,0.02765720,0.02149530,0.02469241,0.35650663,0.36643566,0.38399584,0.35260642,0.34925829,0.35287933,0.29736511,0.35879305,0.28475686,0.35903370,0.29961631,0.30108003,0.30108003,0.32854037,0.31911298,0.33620397,0.36541920,0.27141854,0.28073413,0.25845393,0.30727095,0.17392284,0.11867901,0.13161639,0.13733281,0.12386432,0.12694045,0.15462376,0.16799671,0.10913112,0.14783313,0.14485428,0.13619880,0.14745312,0.14767451,0.13390365,0.14152717,0.17214928,0.17157139,0.14070889,0.13281771,0.12941874,0.18250319,0.15138826,0.13313732,0.16221388,0.21460948,0.18981047,0.28416093,0.15427830,0.13961623,0.16533693,0.09871603,0.20496376,0.21179662,0.15013473,0.13664516,0.18289345,0.08828574,0.18008175,0.14264105,0.16981711,0.12326474,0.10344345,0.16493091,0.17509155,0.15337970,0.16590231
0.32599767,0.34304358,0.28402344,0.16910682,0.23140057,0.27998730,0.31586450,0.31697185,0.34700863,0.26486357,0.31120039,0.25393661,0.29961458,0.17228940,0.17341729,0.30488422,0.29606261,0.36617028,0.21914292,0.34173919,0.33529467,0.31021043,0.25080577,0.31171944,0.30957376,0.02330417,0.02240468,0.02630706,0.02013026,0.02646921,0.01998146,0.01918322,0.02671507,0.02081565,0.02043076,0.02066893,0.02466391,0.02048678,0.02042905,0.01891844,0.02503770,0.02184485,0.00000000,0.02704497,0.02408224,0.02488213,0.02024203,0.02158891,0.35682863,0.36578573,0.38338345,0.35302351,0.35185510,0.35276675,0.29599975,0.36123750,0.28347983,0.35878499,0.29725394,0.30167721,0.30167721,0.32769729,0.31847262,0.33575165,0.36505321,0.27065855,0.27911134,0.25812880,0.30454083,0.17375133,0.11640907,0.12923200,0.13918913,0.12397559,0.13102869,0.15473670,0.16993509,0.11083054,0.14913324,0.14566667,0.13953447,0.14951927,0.14867048,0.13287504,0.14333727,0.17473894,0.17252878,0.14097869,0.13330589,0.13017013,0.18155007,0.15200739,0.13345303,0.16207234,0.21538890,0.19028231,0.28714622,0.15358172,0.14503634,0.16664897,0.10001059,0.20929246,0.21645046,0.15477867,0.14228864,0.18120063,0.09348927,0.18153658,0.14558009,0.17024139,0.12691217,0.10532450,0.16702743,0.17939440,0.15513699,0.16693478
0.32379971,0.33527924,0.28071520,0.16473238,0.23115580,0.28193767,0.31646984,0.31701189,0.34622613,0.26434082,0.31299457,0.25462861,0.29335133,0.17299916,0.17626970,0.30559107,0.29572083,0.36516320,0.21914074,0.34153231,0.33553251,0.31033136,0.25053415,0.31168959,0.30981311,0.02300987,0.03053001,0.02859414,0.02635243,0.03003685,0.02884345,0.02647161,0.03165663,0.03089086,0.02638426,0.02498657,0.03170545,0.03232102,0.02697683,0.02495893,0.02649022,0.02504739,0.02704497,0.00000000,0.02209178,0.02397434,0.02915491,0.02725934,0.35529570,0.36559974,0.38210455,0.35225355,0.34848203,0.35126779,0.29697609,0.35677185,0.28234531,0.35763123,0.29766186,0.29726110,0.29726110,0.32776826,0.31769580,0.33600856,0.36439303,0.26786995,0.27864117,0.25572134,0.30467629,0.17312373,0.11949598,0.12850400,0.13324235,0.11963241,0.12610359,0.15079407,0.16357069,0.10860893,0.14581225,0.14397877,0.13418996,0.14496780,0.14512992,0.13140924,0.14225271,0.16927703,0.16865279,0.13903203,0.13118823,0.12617502,0.18152738,0.14925678,0.13301009,0.16053182,0.21323918,0.18745613,0.28113269,0.15440475,0.13249065,0.16373420,0.09442067,0.19634101,0.20394766,0.14576795,0.13006305,0.18126697,0.09343620,0.17744786,0.14222459,0.16515137,0.11436016,0.10536794,0.16399077,0.16774325,0.15114567,0.16633406
0.32719831,0.34097525,0.28419626,0.17074735,0.23234976,0.28184872,0.31678311,0.31859190,0.34744569,0.26630583,0.31300641,0.25450143,0.29927205,0.17511374,0.17577212,0.30620656,0.29656410,0.36675319,0.21919795,0.34110189,0.33560724,0.31084379,0.25122741,0.31261401,0.31051235,0.01723351,0.01933263,0.02795888,0.01907917,0.02595368,0.02448647,0.02257998,0.02999620,0.02248207,0.02011737,0.02275093,0.02895482,0.02875032,0.02218766,0.02187506,0.02804211,0.02255363,0.02408224,0.02209178,0.00000000,0.02130316,0.02091029,0.02384233,0.35715974,0.36743623,0.38507416,0.35353577,0.35412326,0.35371944,0.29853291,0.36093427,0.28510834,0.36037340,0.29920812,0.30170328,0.30170328,0.32861876,0.31915149,0.33760280,0.36660436,0.27394109,0.27948867,0.25963594,0.30598256,0.17625453,0.12198390,0.12909427,0.14018952,0.12643140,0.13155173,0.15510116,0.16780607,0.11565662,0.15053863,0.15030414,0.13959565,0.15127096,0.14978491,0.13436469,0.14604605,0.17609951,0.17370395,0.14095158,0.13754794,0.13055284,0.18532528,0.15282773,0.13495830,0.16532044,0.21637296,0.19463957,0.28604484,0.15791098,0.14508049,0.16694428,0.09864308,0.20927671,0.21573163,0.15927916,0.14487864,0.18265813,0.10167758,0.18174939,0.14716873,0.17167765,0.12616681,0.10881791,0.16752929,0.17941257,0.16110344,0.16841463
0.32185194,0.33723200,0.28058447,0.16580436,0.23005657,0.27961724,0.31438863,0.31579169,0.34587831,0.26263189,0.31006500,0.25488621,0.29548100,0.17033485,0.17044572,0.30498580,0.29577841,0.36317268,0.21882197,0.34014374,0.33506073,0.30991025,0.24948398,0.31121673,0.30867761,0.02214105,0.02425594,0.02588782,0.02384977,0.02421913,0.02191543,0.02359222,0.02567001,0.02378145,0.02529670,0.02501399,0.02463860,0.02654254,0.02305570,0.02223585,0.01976290,0.02765720,0.02488213,0.02397434,0.02130316,0.00000000,0.02566454,0.02465885,0.35511490,0.36532146,0.38187688,0.35181873,0.34666345,0.35107329,0.29432333,0.35631875,0.28108042,0.35627497,0.29502822,0.29810060,0.29810060,0.32730789,0.31712496,0.33383878,0.36426275,0.26656928,0.27739207,0.25551297,0.30340675,0.17205665,0.11791217,0.12755801,0.13315079,0.11806839,0.12617878,0.15101468,0.16313875,0.10720547,0.14537547,0.14175437,0.13228689,0.14292713,0.14448716,0.13056263,0.14159187,0.17106175,0.16904607,0.13544067,0.13025732,0.12528254,0.18078203,0.14795398,0.13134483,0.16225523,0.21304894,0.18407799,0.28029800,0.15316601,0.13315220,0.16324496,0.09481234,0.19758857,0.20350800,0.14348506,0.12889639,0.18152595,0.09027940,0.17509212,0.13881201,0.16370397,0.11196635,0.10186538,0.16354232,0.16887360,0.15115506,0.16623422
0.32942630,0.34409232,0.28502621,0.17275520,0.23349428,0.28226446,0.31844275,0.31908574,0.34862802,0.26776633,0.31354119,0.25561771,0.30229907,0.17910063,0.17793359,0.30611310,0.29686598,0.36833258,0.21956018,0.34210619,0.33558451,0.31145799,0.25152444,0.31303511,0.31087981,0.01721546,0.02028239,0.03001658,0.01480304,0.03003327,0.02275875,0.01920120,0.03008793,0.01918647,0.02170151,0.02192392,0.02395450,0.02620716,0.02516247,0.01938356,0.02895708,0.02149530,0.02024203,0.02915491,0.02091029,0.02566454,0.00000000,0.02438994,0.35780576,0.36858442,0.38569544,0.35380651,0.35633292,0.35542507,0.30105113,0.36416720,0.28769178,0.36230414,0.30172758,0.30585390,0.30585390,0.32929762,0.32055485,0.34002209,0.36674009,0.27543629,0.28233482,0.26071744,0.30574281,0.17725261,0.12139831,0.13089684,0.14417972,0.12850427,0.13351989,0.15812853,0.17187113,0.11670394,0.15265243,0.15206899,0.14352327,0.15502911,0.15292443,0.13695106,0.14589693,0.17576551,0.17573975,0.14372696,0.14054957,0.13378439,0.18615781,0.15337646,0.13682171,0.16743728,0.21923471,0.19941331,0.29041487,0.15918421,0.15109199,0.16819913,0.10249277,0.21460099,0.22213384,0.16299280,0.15171967,0.18409533,0.10476316,0.18518454,0.14843670,0.17746397,0.13403354,0.10802152,0.16879169,0.18656614,0.16312332,0.16928021
0.32349339,0.33821689,0.28102766,0.16407858,0.22977168,0.27878441,0.31405364,0.31450913,0.34519388,0.26169063,0.30963236,0.25447405,0.29406834,0.16646822,0.16979782,0.30443580,0.29553210,0.36337579,0.21763493,0.34032609,0.33479626,0.30943634,0.24976575,0.31097350,0.30875426,0.02207574,0.02400445,0.02542968,0.02121226,0.02546700,0.01868731,0.01925910,0.02453614,0.02042046,0.02363363,0.02005558,0.02118598,0.02202707,0.02381970,0.02374781,0.02248056,0.02469241,0.02158891,0.02725934,0.02384233,0.02465885,0.02438994,0.00000000,0.35484095,0.36429099,0.38139919,0.35171913,0.34575423,0.34975529,0.29238095,0.35573327,0.27923340,0.35516355,0.29393109,0.29688345,0.29688345,0.32668037,0.31707903,0.33155887,0.36386889,0.26572523,0.27565474,0.25459820,0.30345596,0.17134477,0.11454288,0.12735384,0.13398131,0.11601883,0.12580840,0.14924359,0.16406494,0.10404250,0.14460575,0.13775741,0.13153160,0.14221602,0.14295328,0.12961156,0.14067950,0.16983827,0.16787885,0.13491052,0.12704220,0.12507710,0.17927732,0.14757090,0.12984986,0.15938995,0.21180490,0.17906357,0.28007990,0.15084490,0.13256319,0.16307299,0.09571909,0.19693600,0.20310712,0.14358807,0.12655695,0.17871591,0.08671649,0.17483409,0.13994712,0.16164605,0.11189124,0.10386354,0.16353677,0.16630563,0.14744856,0.16453014
0.09595258,0.08272899,0.10682917,0.15999547,0.11705983,0.10256706,0.08008454,0.07996004,0.07331589,0.08906128,0.07947995,0.08618396,0.10331690,0.15606732,0.14384525,0.06783725,0.07967478,0.07785252,0.10980249,0.06808267,0.07163747,0.07311646,0.07765560,0.07004926,0.07259936,0.35760898,0.35792334,0.35503770,0.35728346,0.35532462,0.35514351,0.35560957,0.35514512,0.35760824,0.35769350,0.35627412,0.35525541,0.35473785,0.35618125,0.35645502,0.35470924,0.35650663,0.35682863,0.35529570,0.35715974,0.35511490,0.35780576,0.35484095,0.00000000,0.07115877,0.07581809,0.06665188,0.09569882,0.06943243,0.10050318,0.08370733,0.09768036,0.08213152,0.10030562,0.10280893,0.10280893,0.06065655,0.07462580,0.08138143,0.07070438,0.11742673,0.09188390,0.09243952,0.07808286,0.29369177,0.24142967,0.23908434,0.19749713,0.20592999,0.19795638,0.26631320,0.27879695,0.24132874,0.27959078,0.16165003,0.20168258,0.22141499,0.26849338,0.22523115,0.20184050,0.27622622,0.28048950,0.18032337,0.23672245,0.24636617,0.32598102,0.31875544,0.23787258,0.30144326,0.34288353,0.19010492,0.51972694,0.25056255,0.24905781,0.50901731,0.39274328,0.30134279,0.32993154,0.25157799,0.26098554,0.25701323,0.39730900,0.30952221,0.15641223,0.24441487,0.24363398,0.22724027,0.14532905,0.29638847,0.28628516,0.24537344
0.09765588,0.08609841,0.11391089,0.16600320,0.11484714,0.10084610,0.08378919,0.08134274,0.07107905,0.10267765,0.07668530,0.09093012,0.10855145,0.15270435,0.15688381,0.07628108,0.08576140,0.07285203,0.12358641,0.07069773,0.07727055,0.06960893,0.09094631,0.07479812,0.07111543,0.36713620,0.36766000,0.36462167,0.36779039,0.36418394,0.36488861,0.36617542,0.36522885,0.36734703,0.36749687,0.36645487,0.36422955,0.36441886,0.36448946,0.36599198,0.36373654,0.36643566,0.36578573,0.36559974,0.36743623,0.36532146,0.36858442,0.36429099,0.07115877,0.00000000,0.07024974,0.07117440,0.07838733,0.07086468,0.09048991,0.07990387,0.10145646,0.07871155,0.09482396,0.10551979,0.10551979,0.07055548,0.07353211,0.07666434,0.07107897,0.11465943,0.10067140,0.09794776,0.08010787,0.36072195,0.30768607,0.29778121,0.24867922,0.26195160,0.25093563,0.33687617,0.34723107,0.28301420,0.34775948,0.20409206,0.25656634,0.28026840,0.33531103,0.28052326,0.26564094,0.34509850,0.34929704,0.22441211,0.29897584,0.31791050,0.37200726,0.35643797,0.30331171,0.35257942,0.42281992,0.19416781,0.52948459,0.30976709,0.26010800,0.51835743,0.40031144,0.35890760,0.39134456,0.28452768,0.28028345,0.31400262,0.40733678,0.37997925,0.17978519,0.30321398,0.25338839,0.24133577,0.15346975,0.33025011,0.34177462,0.27252640
0.09022228,0.09098710,0.12982098,0.18410608,0.13464067,0.10818536,0.08429510,0.08325128,0.07874042,0.09690555,0.08160262,0.10047423,0.10120318,0.17015112,0.16834979,0.08209561,0.09135263,0.08064495,0.12844450,0.08068060,0.08575661,0.08789572,0.09199703,0.08186855,0.08267981,0.38492662,0.38554218,0.38136937,0.38510461,0.38179148,0.38201008,0.38336843,0.38210801,0.38499258,0.38545928,0.38407604,0.38095013,0.38128355,0.38162213,0.38308418,0.38083714,0.38399584,0.38338345,0.38210455,0.38507416,0.38187688,0.38569544,0.38139919,0.07581809,0.07024974,0.00000000,0.07316050,0.08782095,0.07666471,0.09217537,0.09373752,0.09127436,0.08394671,0.09691034,0.10342972,0.10342972,0.07958596,0.07420365,0.08315451,0.06850840,0.11022695,0.09707777,0.10072045,0.09012626,0.30091112,0.26594309,0.26325112,0.20134153,0.20537882,0.19172060,0.26979215,0.27959752,0.27094390,0.29869273,0.15783139,0.20404243,0.22181224,0.26911349,0.23264488,0.21363836,0.28864429,0.29111170,0.18171108,0.23144015,0.27080528,0.35026147,0.34404560,0.25178692,0.32078383,0.35040224,0.21115395,0.54552032,0.24910380,0.26797302,0.53515518,0.41730941,0.32044445,0.31555325,0.26093796,0.27964665,0.26388024,0.42332099,0.32891061,0.18272913,0.23773668,0.26997726,0.25718831,0.17572686,0.31413763,0.29874191,0.27443298
0.09686565,0.07977729,0.10245611,0.15645709,0.11135435,0.10674164,0.07971945,0.07841028,0.06437819,0.10552348,0.07645865,0.07870570,0.10826350,0.14998050,0.14418769,0.06250803,0.06887576,0.07996899,0.10425748,0.06594258,0.06730271,0.07019105,0.08139896,0.06292796,0.06222344,0.35359986,0.35377488,0.35135555,0.35360364,0.35157761,0.35202294,0.35261593,0.35215362,0.35394941,0.35414836,0.35331289,0.35182389,0.35164087,0.35232823,0.35286168,0.35123112,0.35260642,0.35302351,0.35225355,0.35353577,0.35181873,0.35380651,0.35171913,0.06665188,0.07117440,0.07316050,0.00000000,0.09486386,0.07269512,0.09279914,0.09149471,0.09616169,0.08778611,0.10474177,0.10667912,0.10667912,0.06440588,0.07620417,0.08379170,0.06507653,0.11405835,0.09581935,0.09272741,0.07409743,0.32989822,0.27208195,0.27729248,0.22785498,0.23474149,0.22371875,0.30339299,0.31875015,0.24496444,0.31574260,0.17779166,0.23005108,0.25145176,0.30291380,0.25244422,0.23514089,0.30979815,0.31687836,0.20027244,0.26494579,0.28500190,0.33413878,0.32349712,0.27201341,0.32280027,0.38491971,0.18842386,0.51677177,0.27800054,0.24653809,0.50687201,0.38769346,0.32877985,0.36286790,0.27233121,0.25920840,0.28294236,0.39621019,0.34569100,0.17219021,0.27721941,0.24747464,0.22517315,0.13740782,0.31803410,0.30084758,0.24190225
0.10448537,0.09466291,0.11708518,0.14466291,0.11790570,0.13046059,0.09428991,0.08375060,0.09242814,0.09739110,0.07765309,0.12514372,0.10873840,0.14189705,0.16800408,0.09012976,0.10664241,0.08455590,0.13431728,0.10065431,0.11469875,0.09981132,0.10446334,0.09222241,0.09103930,0.35179862,0.35475858,0.34324889,0.35460139,0.34323768,0.34671358,0.34875139,0.34452621,0.35418594,0.35624214,0.35159423,0.34289558,0.34362417,0.34733887,0.34966811,0.34144159,0.34925829,0.35185510,0.34848203,0.35412326,0.34666345,0.35633292,0.34575423,0.09569882,0.07838733,0.08782095,0.09486386,0.00000000,0.07995619,0.09179214,0.07619334,0.10212804,0.08659723,0.10529643,0.11107711,0.11107711,0.09032294,0.09325339,0.07346404,0.08564505,0.10705540,0.09557366,0.09843679,0.10588931,0.28317116,0.23437973,0.26331719,0.19406509,0.19764797,0.20145960,0.25379937,0.27388824,0.22954762,0.26249439,0.14865875,0.19530974,0.20330150,0.24974497,0.22344918,0.21229883,0.27400381,0.26818986,0.17495823,0.21286170,0.24788383,0.32002203,0.30781287,0.23837790,0.27575272,0.32478599,0.20606720,0.49928601,0.22726242,0.22791445,0.48886736,0.38287321,0.28695704,0.29089573,0.21982908,0.24579182,0.25812934,0.36856694,0.30160701,0.15294339,0.22539871,0.23242233,0.23030696,0.15231347,0.26382325,0.25534696,0.23835685
0.09592611,0.08462574,0.09425483,0.15049419,0.10787346,0.10762042,0.08970798,0.07748494,0.07056069,0.09823077,0.08151552,0.09487522,0.11052936,0.14298102,0.15892412,0.06843490,0.08733639,0.07794051,0.10979818,0.07487719,0.07696393,0.07858138,0.09243834,0.07345143,0.07355827,0.35350233,0.35405164,0.34972885,0.35384254,0.34985213,0.35100326,0.35209518,0.35042790,0.35399022,0.35452965,0.35257231,0.35042042,0.35010021,0.35143353,0.35241633,0.34978563,0.35287933,0.35276675,0.35126779,0.35371944,0.35107329,0.35542507,0.34975529,0.06943243,0.07086468,0.07666471,0.07269512,0.07995619,0.00000000,0.08362754,0.08127399,0.09054712,0.08239161,0.09371503,0.09225523,0.09225523,0.06932422,0.07847590,0.07104208,0.06791696,0.10608044,0.09107521,0.08290374,0.07991284,0.35388345,0.29906699,0.30953200,0.24260818,0.25149203,0.24445763,0.32808863,0.34407303,0.26036620,0.33834726,0.18490612,0.24717371,0.27032121,0.32403652,0.27784245,0.25977122,0.33759862,0.34473570,0.21661924,0.28066042,0.30981669,0.35886755,0.35242043,0.29718825,0.35139542,0.41224463,0.18676933,0.51491826,0.29828693,0.24764246,0.50396106,0.38888323,0.34591105,0.37471266,0.26523657,0.26005582,0.30506103,0.39102956,0.37108149,0.16470581,0.28777510,0.24243742,0.22586699,0.14011405,0.31684141,0.31677098,0.25849352
0.10986836,0.10782106,0.10808952,0.12612899,0.10454577,0.09268408,0.08647648,0.09078368,0.09721167,0.08440888,0.08429717,0.09851149,0.09394142,0.11158489,0.12812008,0.08900234,0.10019307,0.10420957,0.11007740,0.10310094,0.10845453,0.08373477,0.09237134,0.09637484,0.09550736,0.29787378,0.29855395,0.29088020,0.29918023,0.29202747,0.29402089,0.29632128,0.29400218,0.29835985,0.29864351,0.29686043,0.29219743,0.29265315,0.29347239,0.29454511,0.29114420,0.29736511,0.29599975,0.29697609,0.29853291,0.29432333,0.30105113,0.29238095,0.10050318,0.09048991,0.09217537,0.09279914,0.09179214,0.08362754,0.00000000,0.09372705,0.08062510,0.09056279,0.08791438,0.08919501,0.08919501,0.08557415,0.08546901,0.08437958,0.09482547,0.08413044,0.08252268,0.08397268,0.08868717,0.26521973,0.21224750,0.22394580,0.17764930,0.18236908,0.17810399,0.24610952,0.25462473,0.20060061,0.24847678,0.13515537,0.18608200,0.20019955,0.23659403,0.19673053,0.19145248,0.26156895,0.25960622,0.15800970,0.20017718,0.22643092,0.28777718,0.26936254,0.22000283,0.26306951,0.31380408,0.15363486,0.45230654,0.21604512,0.20386232,0.43927822,0.33081066,0.26423059,0.28787124,0.19029930,0.22788239,0.23159041,0.33049134,0.27402141,0.13115531,0.21436271,0.19376593,0.19031609,0.11832851,0.24282081,0.22999739,0.19781575
0.10577492,0.08642703,0.11375850,0.15234718,0.11215244,0.11888837,0.09655396,0.08313145,0.08876912,0.10264655,0.08527133,0.11587451,0.10799741,0.14643685,0.16561147,0.09460812,0.09074385,0.08433322,0.13427546,0.08845634,0.10903954,0.10082735,0.09690328,0.08867193,0.08914093,0.36088664,0.36291402,0.35285740,0.36372837,0.35373492,0.35689034,0.35906098,0.35507769,0.36394863,0.36438006,0.36073158,0.35408575,0.35507614,0.35816492,0.36038105,0.35282933,0.35879305,0.36123750,0.35677185,0.36093427,0.35631875,0.36416720,0.35573327,0.08370733,0.07990387,0.09373752,0.09149471,0.07619334,0.08127399,0.09372705,0.00000000,0.09764668,0.08551112,0.09963628,0.09864930,0.09864930,0.08898546,0.09031284,0.07912230,0.09074830,0.10869586,0.10263429,0.10055633,0.10624628,0.32006017,0.26685506,0.28607579,0.22674532,0.22681488,0.21795527,0.29047531,0.31160654,0.24307826,0.30035834,0.17683741,0.23018807,0.23972084,0.28977637,0.25130066,0.23380806,0.30687086,0.30778249,0.20564551,0.24875583,0.27753822,0.33546919,0.31933261,0.26924972,0.31264855,0.36687257,0.21125495,0.51342127,0.26872393,0.24422047,0.50132384,0.39228670,0.30722203,0.33247980,0.23547132,0.25786641,0.27678298,0.38376133,0.33084792,0.15798578,0.25331590,0.24752684,0.23145210,0.15074076,0.28288715,0.27774432,0.24969647
0.09251856,0.11204617,0.11650471,0.13170812,0.11050300,0.08623727,0.09181142,0.08710052,0.10356059,0.08410110,0.08808367,0.10359399,0.08389452,0.11050195,0.12151903,0.09148090,0.09427539,0.10820890,0.10785339,0.09968986,0.10969609,0.09486147,0.08839783,0.09246870,0.09149677,0.28404250,0.28577148,0.27870280,0.28615386,0.27976844,0.28139885,0.28410483,0.28157330,0.28623375,0.28644165,0.28413543,0.27982947,0.28042723,0.28038972,0.28316981,0.27842158,0.28475686,0.28347983,0.28234531,0.28510834,0.28108042,0.28769178,0.27923340,0.09768036,0.10145646,0.09127436,0.09616169,0.10212804,0.09054712,0.08062510,0.09764668,0.00000000,0.09608922,0.08189766,0.09239449,0.09239449,0.09695844,0.09624100,0.09687100,0.09449744,0.09316990,0.08632007,0.08441799,0.09874649,0.24754476,0.19952564,0.20292948,0.15190158,0.16067562,0.15373356,0.23230560,0.23788002,0.19682199,0.23676690,0.12072318,0.15950283,0.18073602,0.22352889,0.17693003,0.16953327,0.23599514,0.24243677,0.14185656,0.18745098,0.21528627,0.28401911,0.27455005,0.19656721,0.25965010,0.30279527,0.14161991,0.44082196,0.20239072,0.19386116,0.42632703,0.31734977,0.25941877,0.26837926,0.18248328,0.21065187,0.21729663,0.31856399,0.25898756,0.13111019,0.19337896,0.18670468,0.18898809,0.12128000,0.23875552,0.22334460,0.19105539
0.08618159,0.09685105,0.12963455,0.15743504,0.12604621,0.09905738,0.08893434,0.08053116,0.08697884,0.09035950,0.07982619,0.11130251,0.09708326,0.16190529,0.16038642,0.08879774,0.10369139,0.09102045,0.13427791,0.08602284,0.09509898,0.09114730,0.09640314,0.09302468,0.08879857,0.35968608,0.36049651,0.35429123,0.36053036,0.35465359,0.35615684,0.35724812,0.35626223,0.36018691,0.36057792,0.35888467,0.35528500,0.35473657,0.35585199,0.35762339,0.35451186,0.35903370,0.35878499,0.35763123,0.36037340,0.35627497,0.36230414,0.35516355,0.08213152,0.07871155,0.08394671,0.08778611,0.08659723,0.08239161,0.09056279,0.08551112,0.09608922,0.00000000,0.09000704,0.09788809,0.09788809,0.09131518,0.08686675,0.08446479,0.08660656,0.09723663,0.09819528,0.09613822,0.09662988,0.25169809,0.24121920,0.23237938,0.16665186,0.18852772,0.19586612,0.26308979,0.24839666,0.24692877,0.27393078,0.15157659,0.17714737,0.20073625,0.23965201,0.19652270,0.19294243,0.24100955,0.24396342,0.16049531,0.21521884,0.24742032,0.32302974,0.32169859,0.21249542,0.29368654,0.32653121,0.20263245,0.51609391,0.22966169,0.24899371,0.50323823,0.39252891,0.28854288,0.29068240,0.23887823,0.25433301,0.23567571,0.39251670,0.31263212,0.16608252,0.22265247,0.24485065,0.23234325,0.16281556,0.28934109,0.27708828,0.25079063
0.08703848,0.11304226,0.12177808,0.14625637,0.11445045,0.09098171,0.09088111,0.09239070,0.10538262,0.08492597,0.09307993,0.10610977,0.08786627,0.12486778,0.13012465,0.09575771,0.09557342,0.10545677,0.12276119,0.10142067,0.11876249,0.09744323,0.08626155,0.09197914,0.09303858,0.30055056,0.30119647,0.29398965,0.30113195,0.29500109,0.29565217,0.29869707,0.29766171,0.30023505,0.29894200,0.29899961,0.29548662,0.29598909,0.29618420,0.29659802,0.29409968,0.29961631,0.29725394,0.29766186,0.29920812,0.29502822,0.30172758,0.29393109,0.10030562,0.09482396,0.09691034,0.10474177,0.10529643,0.09371503,0.08791438,0.09963628,0.08189766,0.09000704,0.00000000,0.08997989,0.08997989,0.09831777,0.10096353,0.10419397,0.10265905,0.09276968,0.08989825,0.09053599,0.10799165,0.23790806,0.21823861,0.20724735,0.15607489,0.15793570,0.16421521,0.23000791,0.23284423,0.21999127,0.24767488,0.11938649,0.15620129,0.17311230,0.22050115,0.17503622,0.16945941,0.22049935,0.22463603,0.13495069,0.20660687,0.21615721,0.30354826,0.27668812,0.20657447,0.26519782,0.29150999,0.15650139,0.45317054,0.20153823,0.20914556,0.44004788,0.33432817,0.28372833,0.25981163,0.20811606,0.24110687,0.21077613,0.33899738,0.26407569,0.14539693,0.19600355,0.20762689,0.20036098,0.13209031,0.25487908,0.24783186,0.21366414
0.10152789,0.12060869,0.12360210,0.14634838,0.12166230,0.09487933,0.10088924,0.08820509,0.11246365,0.09587156,0.10549085,0.11073030,0.08562476,0.12906158,0.13430716,0.09769903,0.10582190,0.12611693,0.12414724,0.10878239,0.12746420,0.09670794,0.10228884,0.10252615,0.10842620,0.30298956,0.30438657,0.29328928,0.30433299,0.29534132,0.29868733,0.29978703,0.29812697,0.30534313,0.30383537,0.30106997,0.29679910,0.29680196,0.29958076,0.30071627,0.29558913,0.30108003,0.30167721,0.29726110,0.30170328,0.29810060,0.30585390,0.29688345,0.10280893,0.10551979,0.10342972,0.10667912,0.11107711,0.09225523,0.08919501,0.09864930,0.09239449,0.09788809,0.08997989,0.00000000,0.00000000,0.10813106,0.09831866,0.09648574,0.10699541,0.09398223,0.10133930,0.09304244,0.10241327,0.21591006,0.20200615,0.20151339,0.15408162,0.15923956,0.14858128,0.24635195,0.22612133,0.21352422,0.24536941,0.13261752,0.15612026,0.16992216,0.21916966,0.17395127,0.15537823,0.21789372,0.21550899,0.13623186,0.19219167,0.21940416,0.29769096,0.27565181,0.18786431,0.27196864,0.27626769,0.15958390,0.45493833,0.19447717,0.21350035,0.43865123,0.33435971,0.27357226,0.23600327,0.20092983,0.22934417,0.18638098,0.33170174,0.26652735,0.14709564,0.18283775,0.20560026,0.20087184,0.13595487,0.25387445,0.24199922,0.21120104
0.10152789,0.12060869,0.12360210,0.14634838,0.12166230,0.09487933,0.10088924,0.08820509,0.11246365,0.09587156,0.10549085,0.11073030,0.08562476,0.12906158,0.13430716,0.09769903,0.10582190,0.12611693,0.12414724,0.10878239,0.12746420,0.09670794,0.10228884,0.10252615,0.10842620,0.30298956,0.30438657,0.29328928,0.30433299,0.29534132,0.29868733,0.29978703,0.29812697,0.30534313,0.30383537,0.30106997,0.29679910,0.29680196,0.29958076,0.30071627,0.29558913,0.30108003,0.30167721,0.29726110,0.30170328,0.29810060,0.30585390,0.29688345,0.10280893,0.10551979,0.10342972,0.10667912,0.11107711,0.09225523,0.08919501,0.09864930,0.09239449,0.09788809,0.08997989,0.00000000,0.00000000,0.10813106,0.09831866,0.09648574,0.10699541,0.09398223,0.10133930,0.09304244,0.10241327,0.21591006,0.20200615,0.20151339,0.15408162,0.15923956,0.14858128,0.24635195,0.22612133,0.21352422,0.24536941,0.13261752,0.15612026,0.16992216,0.21916966,0.17395127,0.15537823,0.21789372,0.21550899,0.13623186,0.19219167,0.21940416,0.29769096,0.27565181,0.18786431,0.27196864,0.27626769,0.15958390,0.45493833,0.19447717,0.21350035,0.43865123,0.33435971,0.27357226,0.23600327,0.20092983,0.22934417,0.18638098,0.33170174,0.26652735,0.14709564,0.18283775,0.20560026,0.20087184,0.13595487,0.25387445,0.24199922,0.21120104
0.10968459,0.08039550,0.08917047,0.13961010,0.10124037,0.10199080,0.07702397,0.07697997,0.06292514,0.09535418,0.07833500,0.08252765,0.10774025,0.14522783,0.14586977,0.06284573,0.07004169,0.07868746,0.09322374,0.06584042,0.06540079,0.06012098,0.07391952,0.06451882,0.07028158,0.32891208,0.32861282,0.32726243,0.32822261,0.32795905,0.32719876,0.32760293,0.32814405,0.32836047,0.32818965,0.32740045,0.32803828,0.32710696,0.32738717,0.32757423,0.32722037,0.32854037,0.32769729,0.32776826,0.32861876,0.32730789,0.32929762,0.32668037,0.06065655,0.07055548,0.07958596,0.06440588,0.09032294,0.06932422,0.08557415,0.08898546,0.09695844,0.09131518,0.09831777,0.10813106,0.10813106,0.00000000,0.07320266,0.08107575,0.07538613,0.11208812,0.08803868,0.08686992,0.07160592,0.33494621,0.27754748,0.27146322,0.23300315,0.24369792,0.23450406,0.30779025,0.32315956,0.25285281,0.32366386,0.18637353,0.24123838,0.26182491,0.31244704,0.25245900,0.23968757,0.31882149,0.32314862,0.20194907,0.27405297,0.29346737,0.34092395,0.32943718,0.28242787,0.32481343,0.39684075,0.19296804,0.49383299,0.28181913,0.25753247,0.48297561,0.36393382,0.33351394,0.37978218,0.28459752,0.27572396,0.29143301,0.37419346,0.35720852,0.17173794,0.28414501,0.22215286,0.20333556,0.12021461,0.32722212,0.31837747,0.24472052
0.09021000,0.09693058,0.11179634,0.14110405,0.10297476,0.09701023,0.07754614,0.08430613,0.08595688,0.09212703,0.07824041,0.08326307,0.11076728,0.13231195,0.13859246,0.07393857,0.08388064,0.08247418,0.10287820,0.08227828,0.08304906,0.07744406,0.08138207,0.07569677,0.08106580,0.31880716,0.31890148,0.31622058,0.31981375,0.31685373,0.31750392,0.31809922,0.31751104,0.31963518,0.32037717,0.31856133,0.31738191,0.31685598,0.31694270,0.31862986,0.31611253,0.31911298,0.31847262,0.31769580,0.31915149,0.31712496,0.32055485,0.31707903,0.07462580,0.07353211,0.07420365,0.07620417,0.09325339,0.07847590,0.08546901,0.09031284,0.09624100,0.08686675,0.10096353,0.09831866,0.09831866,0.07320266,0.00000000,0.08472364,0.06664691,0.10012709,0.09723569,0.08616448,0.07504602,0.24272495,0.21797967,0.21686263,0.17765935,0.18122670,0.18565683,0.24846302,0.23442363,0.21543714,0.25307070,0.13906014,0.18426406,0.18923211,0.22777134,0.18607381,0.18597657,0.23253554,0.23474640,0.15274171,0.20137563,0.22200134,0.29656425,0.30029532,0.20891203,0.27588791,0.29211942,0.16008447,0.48392895,0.19462051,0.21612982,0.46914698,0.35293557,0.26524310,0.28893818,0.22355830,0.23436475,0.22218448,0.36131242,0.27843027,0.13575538,0.19792774,0.21211732,0.19623497,0.12627434,0.26272252,0.24766923,0.21499978
0.10625772,0.10048772,0.10150616,0.13880307,0.09857487,0.11564141,0.09218219,0.08007184,0.08401353,0.09476700,0.08758761,0.10361216,0.11040714,0.12924589,0.15861698,0.08166537,0.08782170,0.08976525,0.11745819,0.08929404,0.09857871,0.07735628,0.09407243,0.08604618,0.08542802,0.33714516,0.33729499,0.32960951,0.33860220,0.33120269,0.33323674,0.33478648,0.33205080,0.33755995,0.33889953,0.33633262,0.33078866,0.33153195,0.33236897,0.33543196,0.32997717,0.33620397,0.33575165,0.33600856,0.33760280,0.33383878,0.34002209,0.33155887,0.08138143,0.07666434,0.08315451,0.08379170,0.07346404,0.07104208,0.08437958,0.07912230,0.09687100,0.08446479,0.10419397,0.09648574,0.09648574,0.08107575,0.08472364,0.00000000,0.08411578,0.10185471,0.09832785,0.08671630,0.09377131,0.34565834,0.28362612,0.29795382,0.23431084,0.24105183,0.23571495,0.31673794,0.33891588,0.25256139,0.33266985,0.17985605,0.24615548,0.26382682,0.31454110,0.26166402,0.25439380,0.32874997,0.33364289,0.21443033,0.27077124,0.30369218,0.34865156,0.34441957,0.28702857,0.34361156,0.40415043,0.17900165,0.49307249,0.28841742,0.24884003,0.48082048,0.36806410,0.34154859,0.37587884,0.26296184,0.25433104,0.30390338,0.36568598,0.36917760,0.16832686,0.28426000,0.22485836,0.21693850,0.13745740,0.31446159,0.31025118,0.25179448
0.09160696,0.08993643,0.12421751,0.16488254,0.12386042,0.10649789,0.08235182,0.08276171,0.06851007,0.09677688,0.07807032,0.08672643,0.10517903,0.16029486,0.15619057,0.06759019,0.07821554,0.07727379,0.11523182,0.07264051,0.07480071,0.07997338,0.07864348,0.07307407,0.07441601,0.36540665,0.36635371,0.36345499,0.36594208,0.36441156,0.36423999,0.36493248,0.36400615,0.36614278,0.36682043,0.36503978,0.36378400,0.36346990,0.36413247,0.36510651,0.36343755,0.36541920,0.36505321,0.36439303,0.36660436,0.36426275,0.36674009,0.36386889,0.07070438,0.07107897,0.06850840,0.06507653,0.08564505,0.06791696,0.09482547,0.09074830,0.09449744,0.08660656,0.10265905,0.10699541,0.10699541,0.07538613,0.06664691,0.08411578,0.00000000,0.10175241,0.09782346,0.09499163,0.07711823,0.28655933,0.25171642,0.25028243,0.19712509,0.19597569,0.19368203,0.26529359,0.27747120,0.25219424,0.29073585,0.14466722,0.19743625,0.21515593,0.26125828,0.21581517,0.20465768,0.26422308,0.27132849,0.16951738,0.22638364,0.25745101,0.33074402,0.33075425,0.23267998,0.31152207,0.33836388,0.18956486,0.52995213,0.24245661,0.25549064,0.51894176,0.39974208,0.30099660,0.31862855,0.24505647,0.26328687,0.25377881,0.40735381,0.31161519,0.16710138,0.24420406,0.25252401,0.23669249,0.15488874,0.30469384,0.28591986,0.25530285
0.10700189,0.12701025,0.12391455,0.12559339,0.11384043,0.10022124,0.10720749,0.10553973,0.12185751,0.09301011,0.09972421,0.11213355,0.09834924,0.11626400,0.11278957,0.10070906,0.11476413,0.12397402,0.11351460,0.11887889,0.12756124,0.10200895,0.10291923,0.11251815,0.11079827,0.27291107,0.27390625,0.26415615,0.27382263,0.26671506,0.26672521,0.26959994,0.26733896,0.27443164,0.27508121,0.27165305,0.26547146,0.26520144,0.26604141,0.26971374,0.26349458,0.27141854,0.27065855,0.26786995,0.27394109,0.26656928,0.27543629,0.26572523,0.11742673,0.11465943,0.11022695,0.11405835,0.10705540,0.10608044,0.08413044,0.10869586,0.09316990,0.09723663,0.09276968,0.09398223,0.09398223,0.11208812,0.10012709,0.10185471,0.10175241,0.00000000,0.09319352,0.09106568,0.10671029,0.18681585,0.18498576,0.18385539,0.14189938,0.14765878,0.13341309,0.22799614,0.19596498,0.18018166,0.21785591,0.11275060,0.14481192,0.14568241,0.19192855,0.15273966,0.13622474,0.19756304,0.19456510,0.12516696,0.17446145,0.19596432,0.26426169,0.24286894,0.17584037,0.24233214,0.25297539,0.14346565,0.41803170,0.16654529,0.18878897,0.40199516,0.30206251,0.23944416,0.21421544,0.16388879,0.18813821,0.15977953,0.29842813,0.23727251,0.12777031,0.17077145,0.17977231,0.17125599,0.11550170,0.22800473,0.20998059,0.18212660
0.10405716,0.10843068,0.10270399,0.12840678,0.10381603,0.09548545,0.08603334,0.07705964,0.09665032,0.08576488,0.09104515,0.09109271,0.09449202,0.10935235,0.11760572,0.08729403,0.09747389,0.10404275,0.10202660,0.10290007,0.11072173,0.09514264,0.08126529,0.08741829,0.09202814,0.28078542,0.28024898,0.27613120,0.28081603,0.27840632,0.27701827,0.27790589,0.27812877,0.27997706,0.27992296,0.27788608,0.27855517,0.27755841,0.27813693,0.27801644,0.27681710,0.28073413,0.27911134,0.27864117,0.27948867,0.27739207,0.28233482,0.27565474,0.09188390,0.10067140,0.09707777,0.09581935,0.09557366,0.09107521,0.08252268,0.10263429,0.08632007,0.09819528,0.08989825,0.10133930,0.10133930,0.08803868,0.09723569,0.09832785,0.09782346,0.09319352,0.00000000,0.08313721,0.09725354,0.19334794,0.18841985,0.19266294,0.14714231,0.14844369,0.14860309,0.22828735,0.20878090,0.19010395,0.22327217,0.12305457,0.14793536,0.15168852,0.19315770,0.16250079,0.14700065,0.19441513,0.19435388,0.12502059,0.17957278,0.20144266,0.28494090,0.25704706,0.17975416,0.25558359,0.25710853,0.15478891,0.43878365,0.18405848,0.18865098,0.42175889,0.31599251,0.26248884,0.24127897,0.18501653,0.22921959,0.17447176,0.32010886,0.24809645,0.12570423,0.18800043,0.19027545,0.18149750,0.11729287,0.23419777,0.21830203,0.18584491
0.10570491,0.09907775,0.09102752,0.10276731,0.09351262,0.10399474,0.09149486,0.08224247,0.09603160,0.09049125,0.07978472,0.08830671,0.10450265,0.10592943,0.10898257,0.08140340,0.08728736,0.10369243,0.08939052,0.10106379,0.10196202,0.08930512,0.07859358,0.08375337,0.08781288,0.25846972,0.26003805,0.25552577,0.25902004,0.25487430,0.25527278,0.25657165,0.25565816,0.25972624,0.25984624,0.25749508,0.25546415,0.25428555,0.25600060,0.25658147,0.25411946,0.25845393,0.25812880,0.25572134,0.25963594,0.25551297,0.26071744,0.25459820,0.09243952,0.09794776,0.10072045,0.09272741,0.09843679,0.08290374,0.08397268,0.10055633,0.08441799,0.09613822,0.09053599,0.09304244,0.09304244,0.08686992,0.08616448,0.08671630,0.09499163,0.09106568,0.08313721,0.00000000,0.08433980,0.21869416,0.17209613,0.17414013,0.15786997,0.15077823,0.14378378,0.21369115,0.21973930,0.16566299,0.21389172,0.11694756,0.15912551,0.17226171,0.20113946,0.15838180,0.14355209,0.20747433,0.21247092,0.12334272,0.17216231,0.18514577,0.25848632,0.24410051,0.17732607,0.23032266,0.26985103,0.14289370,0.41658297,0.18985736,0.17418821,0.40210308,0.29718651,0.23780971,0.27279609,0.17453953,0.19448657,0.19026264,0.29696573,0.24532281,0.10323409,0.17942922,0.16329410,0.15587862,0.09017870,0.22513284,0.21262869,0.16546071
0.11734163,0.10583976,0.10403993,0.14768873,0.10198717,0.09831753,0.08758035,0.08153838,0.07501256,0.09189713,0.08709448,0.07692012,0.11054239,0.12978655,0.11767450,0.07348988,0.08595071,0.09643495,0.09501408,0.07202545,0.06871603,0.06736433,0.08177060,0.07759477,0.07362526,0.30597270,0.30623941,0.30402843,0.30555916,0.30607559,0.30440654,0.30566184,0.30761109,0.30550669,0.30415472,0.30508866,0.30623060,0.30583706,0.30398799,0.30395764,0.30515842,0.30727095,0.30454083,0.30467629,0.30598256,0.30340675,0.30574281,0.30345596,0.07808286,0.08010787,0.09012626,0.07409743,0.10588931,0.07991284,0.08868717,0.10624628,0.09874649,0.09662988,0.10799165,0.10241327,0.10241327,0.07160592,0.07504602,0.09377131,0.07711823,0.10671029,0.09725354,0.08433980,0.00000000,0.30258075,0.25078911,0.25874067,0.21163580,0.20853440,0.19899091,0.27533250,0.29231811,0.21786900,0.28501078,0.16296836,0.21903783,0.23278320,0.28117953,0.23302323,0.21295957,0.28542431,0.29279027,0.18749275,0.24004418,0.25854531,0.30254775,0.29542741,0.25364161,0.29622586,0.35411554,0.16409185,0.47380502,0.25433829,0.21711289,0.45877025,0.34460015,0.28682641,0.32106098,0.22918831,0.23967986,0.25860301,0.35916210,0.32052821,0.15383048,0.24496786,0.20793307,0.18973605,0.11340140,0.27483300,0.27622484,0.22690542
0.24301544,0.30827551,0.36224156,0.21856655,0.31272288,0.20832969,0.26539078,0.25667536,0.36792197,0.20088927,0.24418847,0.21520052,0.20805787,0.21273619,0.19954169,0.28056310,0.30407303,0.30369047,0.18343013,0.35310332,0.36988301,0.34026126,0.24847171,0.28956787,0.33102856,0.17606696,0.17641485,0.16910858,0.17607176,0.17078652,0.17172051,0.17332058,0.17075826,0.17618596,0.17732640,0.17468695,0.16979169,0.16953994,0.17184241,0.17294673,0.16871280,0.17392284,0.17375133,0.17312373,0.17625453,0.17205665,0.17725261,0.17134477,0.29369177,0.36072195,0.30091112,0.32989822,0.28317116,0.35388345,0.26521973,0.32006017,0.24754476,0.25169809,0.23790806,0.21591006,0.21591006,0.33494621,0.24272495,0.34565834,0.28655933,0.18681585,0.19334794,0.21869416,0.30258075,0.00000000,0.07272514,0.08829591,0.09870259,0.09243813,0.09587882,0.07110405,0.06259728,0.07797684,0.06163516,0.10644037,0.09577117,0.08562142,0.06370377,0.07369790,0.09677737,0.06435583,0.06956117,0.11822730,0.07950990,0.07318875,0.07194998,0.06265556,0.07240071,0.06417828,0.08437504,0.17743019,0.12035436,0.08179095,0.10875416,0.08689732,0.11048452,0.10461557,0.10524442,0.10205473,0.10249707,0.09464545,0.15043873,0.08005341,0.13376472,0.09179469,0.16285591,0.14274817,0.23386747,0.09839845,0.07861907,0.10378159
0.23273606,0.26467311,0.30290837,0.15783212,0.25665291,0.22001659,0.22581601,0.22196540,0.31076947,0.18182300,0.21439575,0.19158699,0.20412346,0.15816730,0.16486018,0.21996739,0.24375130,0.25779347,0.15201517,0.29476971,0.30798964,0.27950196,0.18802930,0.23019437,0.26949421,0.11883809,0.12034121,0.11426897,0.11904431,0.11436289,0.11476165,0.11526486,0.11383057,0.11867961,0.12114045,0.11734882,0.11394553,0.11302664,0.11386471,0.11715771,0.11477561,0.11867901,0.11640907,0.11949598,0.12198390,0.11791217,0.12139831,0.11454288,0.24142967,0.30768607,0.26594309,0.27208195,0.23437973,0.29906699,0.21224750,0.26685506,0.19952564,0.24121920,0.21823861,0.20200615,0.20200615,0.27754748,0.21797967,0.28362612,0.25171642,0.18498576,0.18841985,0.17209613,0.25078911,0.07272514,0.00000000,0.06792323,0.08123302,0.07283756,0.07957624,0.06783070,0.07428774,0.06298305,0.06876570,0.10184074,0.08285294,0.08125802,0.06708154,0.05999749,0.08395484,0.07332705,0.07369358,0.09598794,0.06618737,0.06543657,0.07967565,0.07120231,0.06411877,0.06951421,0.10456676,0.15481377,0.15350681,0.08068954,0.09317567,0.10840363,0.08734719,0.11961205,0.13269376,0.10956911,0.09197516,0.10718238,0.11511671,0.09358821,0.10027055,0.08977411,0.12592641,0.09844390,0.17398197,0.11360395,0.08192613,0.08910305
0.22072312,0.25837364,0.30661623,0.16997183,0.25824876,0.21008696,0.22302558,0.21276556,0.30803674,0.18131190,0.20736569,0.20116771,0.20286866,0.16543721,0.16665106,0.22363837,0.24364580,0.26044197,0.16540058,0.29560095,0.31524559,0.28977923,0.18722597,0.23253271,0.26522716,0.13103174,0.12966557,0.13010653,0.12909433,0.12887492,0.13002864,0.13129839,0.13343622,0.13026401,0.12798939,0.12972679,0.13131772,0.13063598,0.12713627,0.12895562,0.13033874,0.13161639,0.12923200,0.12850400,0.12909427,0.12755801,0.13089684,0.12735384,0.23908434,0.29778121,0.26325112,0.27729248,0.26331719,0.30953200,0.22394580,0.28607579,0.20292948,0.23237938,0.20724735,0.20151339,0.20151339,0.27146322,0.21686263,0.29795382,0.25028243,0.18385539,0.19266294,0.17414013,0.25874067,0.08829591,0.06792323,0.00000000,0.09670490,0.08833333,0.09425482,0.08555978,0.08403728,0.08243020,0.08429176,0.11522999,0.09856134,0.09855725,0.08200865,0.07172091,0.09036888,0.09541050,0.09893726,0.08907054,0.09586624,0.08548139,0.09208001,0.08485859,0.07255340,0.08310217,0.12661429,0.18148776,0.16989140,0.10120007,0.12428824,0.11620054,0.09705281,0.13155648,0.16258664,0.13718158,0.13461861,0.12454376,0.15652166,0.11274564,0.11833012,0.10698732,0.15067452,0.11287013,0.18821057,0.14747629,0.11893328,0.10241426
0.16716637,0.20708440,0.24633480,0.13831629,0.20902819,0.16914465,0.18007710,0.18028930,0.26493896,0.13255828,0.16492394,0.15194113,0.13915607,0.13614563,0.14880214,0.18711560,0.20416154,0.21805499,0.13403523,0.24615999,0.26249982,0.23043104,0.16649428,0.19578383,0.22801948,0.14032039,0.14245107,0.12931840,0.14239807,0.13135762,0.13458633,0.13589406,0.13182088,0.14256108,0.14349013,0.13889679,0.13189719,0.13064044,0.13675491,0.13784326,0.12975413,0.13733281,0.13918913,0.13324235,0.14018952,0.13315079,0.14417972,0.13398131,0.19749713,0.24867922,0.20134153,0.22785498,0.19406509,0.24260818,0.17764930,0.22674532,0.15190158,0.16665186,0.15607489,0.15408162,0.15408162,0.23300315,0.17765935,0.23431084,0.19712509,0.14189938,0.14714231,0.15786997,0.21163580,0.09870259,0.08123302,0.09670490,0.00000000,0.07061017,0.08431752,0.10843935,0.08557283,0.08485489,0.09665792,0.08185724,0.07273049,0.07300776,0.09090058,0.06795121,0.08322621,0.09816143,0.09997863,0.07634955,0.08034006,0.09100471,0.12005629,0.10402828,0.08108101,0.10683546,0.12517111,0.13349241,0.21123327,0.09240119,0.09817521,0.17885582,0.12692272,0.11461563,0.13254037,0.10062874,0.10002388,0.11895754,0.13764313,0.12253131,0.09478816,0.08285390,0.11568132,0.10992137,0.13946480,0.10299339,0.09639627,0.09776945
0.15990941,0.22656024,0.25643793,0.13663188,0.22066186,0.18491704,0.19084588,0.18682419,0.27354824,0.13833641,0.17579628,0.15603455,0.13940794,0.13882422,0.16211641,0.19111117,0.20856981,0.22557640,0.13488456,0.26005351,0.26882690,0.24078457,0.16714534,0.20377866,0.23820797,0.12650561,0.12646624,0.11523362,0.12684711,0.11756928,0.11691777,0.12012978,0.11488129,0.12642518,0.12960106,0.12311023,0.11492286,0.11356603,0.11997389,0.12220997,0.11434386,0.12386432,0.12397559,0.11963241,0.12643140,0.11806839,0.12850427,0.11601883,0.20592999,0.26195160,0.20537882,0.23474149,0.19764797,0.25149203,0.18236908,0.22681488,0.16067562,0.18852772,0.15793570,0.15923956,0.15923956,0.24369792,0.18122670,0.24105183,0.19597569,0.14765878,0.14844369,0.15077823,0.20853440,0.09243813,0.07283756,0.08833333,0.07061017,0.00000000,0.07691831,0.08653959,0.08358709,0.06730064,0.08037490,0.07757843,0.06422545,0.06093416,0.08210198,0.06059823,0.07211431,0.08759241,0.08684692,0.06514842,0.06903729,0.07793971,0.10406002,0.08917391,0.07227760,0.09117163,0.11526863,0.13553379,0.18606597,0.08191181,0.08954130,0.15645345,0.10610325,0.11446373,0.13332744,0.09297209,0.08808474,0.11508579,0.11596992,0.10843167,0.08378493,0.07837251,0.10778980,0.09959841,0.14546004,0.10187226,0.08281805,0.09837336
0.17025532,0.21471419,0.24752810,0.12974439,0.20816464,0.16380077,0.17959017,0.17169162,0.25936948,0.12593803,0.17199511,0.14540461,0.13046258,0.13336636,0.13880539,0.18234034,0.19624682,0.22060376,0.14202796,0.24342582,0.25582948,0.23112635,0.16126269,0.18923593,0.22995958,0.13187400,0.13356197,0.12269918,0.13209328,0.12409765,0.12574692,0.12570470,0.12313681,0.13368667,0.13464387,0.12959133,0.12474804,0.12323821,0.12776342,0.12931262,0.12171585,0.12694045,0.13102869,0.12610359,0.13155173,0.12617878,0.13351989,0.12580840,0.19795638,0.25093563,0.19172060,0.22371875,0.20145960,0.24445763,0.17810399,0.21795527,0.15373356,0.19586612,0.16421521,0.14858128,0.14858128,0.23450406,0.18565683,0.23571495,0.19368203,0.13341309,0.14860309,0.14378378,0.19899091,0.09587882,0.07957624,0.09425482,0.08431752,0.07691831,0.00000000,0.09969368,0.08454116,0.08274875,0.09479453,0.09135555,0.08191678,0.08084437,0.09397994,0.07961698,0.07301063,0.09891698,0.10906185,0.08981933,0.08365841,0.08385774,0.11371054,0.10557260,0.08094417,0.11176770,0.10323944,0.13910918,0.20015411,0.08230231,0.10155535,0.17036459,0.12199710,0.10201968,0.11588616,0.09432416,0.08804560,0.09204983,0.12991036,0.11758174,0.09412079,0.09336465,0.10239779,0.10537177,0.13696851,0.10922583,0.09019162,0.09920109
0.23050708,0.29225492,0.33431787,0.19333122,0.28902635,0.24968510,0.25343382,0.25390231,0.34672930,0.21689144,0.24535869,0.23463385,0.22374654,0.19323353,0.19128687,0.25248867,0.27782179,0.27518208,0.19949456,0.32990635,0.34350374,0.31755792,0.22588294,0.26846616,0.30714809,0.15411457,0.15534590,0.15038279,0.15578286,0.14903023,0.14931519,0.15150645,0.14861211,0.15551242,0.15782799,0.15298586,0.14963664,0.14833507,0.15127595,0.15342636,0.14741582,0.15462376,0.15473670,0.15079407,0.15510116,0.15101468,0.15812853,0.14924359,0.26631320,0.33687617,0.26979215,0.30339299,0.25379937,0.32808863,0.24610952,0.29047531,0.23230560,0.26308979,0.23000791,0.24635195,0.24635195,0.30779025,0.24846302,0.31673794,0.26529359,0.22799614,0.22828735,0.21369115,0.27533250,0.07110405,0.06783070,0.08555978,0.10843935,0.08653959,0.09969368,0.00000000,0.06557865,0.07168163,0.05691169,0.12042922,0.08859937,0.07651296,0.05799994,0.08161767,0.09555254,0.06660319,0.06846093,0.10431088,0.07629234,0.06330526,0.07094958,0.06493947,0.07366019,0.06334838,0.09277713,0.16447694,0.13292196,0.08008841,0.09258645,0.08965014,0.09868804,0.10285220,0.12440747,0.10873801,0.09426959,0.11738647,0.12948032,0.08086966,0.12656975,0.09162777,0.13314008,0.12516475,0.20803890,0.10440317,0.07597286,0.11484753
0.24653557,0.28888074,0.35162499,0.20955516,0.30712035,0.23588509,0.25188605,0.25671760,0.35608403,0.20052176,0.23521877,0.21524548,0.21742894,0.20426200,0.20520990,0.26920723,0.29492375,0.28830823,0.18367975,0.34212202,0.36033338,0.32917979,0.24096518,0.27818545,0.32484445,0.16978403,0.17050132,0.16311157,0.17051861,0.16351505,0.16472908,0.16577806,0.16282719,0.17059916,0.17118864,0.16724107,0.16377088,0.16328973,0.16794125,0.16672099,0.16198097,0.16799671,0.16993509,0.16357069,0.16780607,0.16313875,0.17187113,0.16406494,0.27879695,0.34723107,0.27959752,0.31875015,0.27388824,0.34407303,0.25462473,0.31160654,0.23788002,0.24839666,0.23284423,0.22612133,0.22612133,0.32315956,0.23442363,0.33891588,0.27747120,0.19596498,0.20878090,0.21973930,0.29231811,0.06259728,0.07428774,0.08403728,0.08557283,0.08358709,0.08454116,0.06557865,0.00000000,0.07791369,0.06409098,0.11022314,0.08843470,0.07976740,0.06803613,0.06827371,0.08498255,0.07519432,0.07729232,0.10888748,0.07185843,0.06843387,0.07182256,0.06711915,0.06448961,0.07095801,0.09061026,0.18112236,0.12090332,0.08117103,0.10141733,0.09105139,0.10402368,0.08160846,0.11271121,0.10389928,0.08690638,0.10893600,0.14529010,0.08365617,0.12361992,0.07821628,0.14990486,0.13605467,0.21990750,0.10426230,0.07950046,0.10075712
0.23875882,0.25318330,0.27320593,0.14068025,0.23082443,0.21475821,0.22513880,0.22072658,0.29376259,0.18361684,0.20995217,0.18896997,0.21137045,0.13776920,0.16221858,0.20779163,0.21257617,0.24666361,0.14503981,0.27661153,0.27947570,0.25770557,0.18625537,0.21686752,0.24797713,0.11459177,0.11559945,0.10399982,0.11459588,0.10502926,0.10333684,0.10617300,0.10017435,0.11416870,0.11719109,0.11040202,0.10115842,0.10018091,0.10573868,0.10838585,0.09971119,0.10913112,0.11083054,0.10860893,0.11565662,0.10720547,0.11670394,0.10404250,0.24132874,0.28301420,0.27094390,0.24496444,0.22954762,0.26036620,0.20060061,0.24307826,0.19682199,0.24692877,0.21999127,0.21352422,0.21352422,0.25285281,0.21543714,0.25256139,0.25219424,0.18018166,0.19010395,0.16566299,0.21786900,0.07797684,0.06298305,0.08243020,0.08485489,0.06730064,0.08274875,0.07168163,0.07791369,0.00000000,0.06697543,0.07758227,0.08202312,0.07218826,0.06803802,0.07104102,0.07877189,0.08109296,0.08185514,0.08663134,0.06781024,0.06608322,0.07844233,0.07911480,0.06490506,0.07273379,0.10965537,0.13168170,0.16526478,0.07215011,0.08746734,0.13435211,0.09390249,0.11004108,0.12789540,0.09278337,0.07882054,0.11015653,0.09184023,0.09106441,0.09623449,0.09048746,0.08934963,0.09709255,0.14224005,0.10398157,0.07068899,0.08154544
0.26223651,0.29162262,0.34514765,0.20055280,0.29928794,0.25341665,0.25931136,0.26207148,0.35770214,0.21534654,0.25188234,0.23215288,0.23573516,0.19693617,0.19804943,0.26519873,0.28999402,0.28777265,0.19475169,0.33819636,0.35568049,0.32513716,0.23475601,0.27641629,0.32090192,0.15102827,0.15171048,0.14261632,0.15140107,0.14506846,0.14410675,0.14596387,0.14347792,0.15129513,0.15258853,0.14810711,0.14373083,0.14312804,0.14641622,0.14742938,0.14233196,0.14783313,0.14913324,0.14581225,0.15053863,0.14537547,0.15265243,0.14460575,0.27959078,0.34775948,0.29869273,0.31574260,0.26249439,0.33834726,0.24847678,0.30035834,0.23676690,0.27393078,0.24767488,0.24536941,0.24536941,0.32366386,0.25307070,0.33266985,0.29073585,0.21785591,0.22327217,0.21389172,0.28501078,0.06163516,0.06876570,0.08429176,0.09665792,0.08037490,0.09479453,0.05691169,0.06409098,0.06697543,0.00000000,0.11352691,0.08229912,0.07262334,0.05433944,0.07485073,0.09081893,0.06587617,0.06270353,0.10906582,0.07308306,0.06055755,0.06648487,0.05600130,0.06783678,0.06398517,0.08415258,0.17214617,0.12690555,0.08065159,0.09521965,0.07411753,0.08813018,0.10508325,0.11332078,0.09406193,0.08681958,0.11197153,0.11831673,0.06763696,0.10732900,0.08891298,0.13326227,0.12437048,0.21042763,0.09496826,0.07308314,0.10286447
0.13933418,0.18524338,0.19493768,0.10822422,0.16461702,0.13556948,0.14674727,0.15289796,0.21695263,0.11222730,0.12874798,0.13129056,0.12733592,0.10958607,0.12634389,0.14795504,0.15141516,0.17334503,0.11891619,0.20158921,0.20394395,0.18539623,0.13273546,0.15730660,0.18339883,0.14899083,0.14978532,0.13747188,0.14957664,0.13946415,0.13837866,0.14070356,0.13627257,0.14861253,0.15164741,0.14555992,0.13684315,0.13511363,0.13989361,0.14421106,0.13466491,0.14485428,0.14566667,0.14397877,0.15030414,0.14175437,0.15206899,0.13775741,0.16165003,0.20409206,0.15783139,0.17779166,0.14865875,0.18490612,0.13515537,0.17683741,0.12072318,0.15157659,0.11938649,0.13261752,0.13261752,0.18637353,0.13906014,0.17985605,0.14466722,0.11275060,0.12305457,0.11694756,0.16296836,0.10644037,0.10184074,0.11522999,0.08185724,0.07757843,0.09135555,0.12042922,0.11022314,0.07758227,0.11352691,0.00000000,0.07438081,0.07608585,0.10235821,0.08710007,0.08009048,0.11558006,0.11583714,0.07730546,0.09449149,0.10154654,0.14095239,0.13722834,0.09971178,0.12256513,0.13279975,0.11092537,0.25770945,0.08510824,0.10857282,0.23372172,0.15742334,0.12668312,0.14412025,0.09581204,0.11096001,0.11600125,0.14659552,0.13873867,0.07363745,0.09357969,0.09439571,0.09328305,0.10326170,0.11975968,0.10682364,0.09784482
0.15915090,0.20518440,0.24997566,0.14892487,0.21616578,0.17454912,0.17849004,0.18724843,0.26666906,0.13578138,0.17099802,0.15718507,0.13992916,0.14442877,0.15616527,0.19062716,0.21292384,0.22121262,0.13807376,0.24940277,0.26811452,0.23988853,0.17094071,0.19661318,0.23754464,0.13945316,0.14225081,0.13008727,0.14120940,0.13118168,0.13215474,0.13385546,0.12881442,0.14157362,0.14250918,0.13737607,0.13068930,0.12935133,0.13571938,0.13742595,0.12961472,0.13619880,0.13953447,0.13418996,0.13959565,0.13228689,0.14352327,0.13153160,0.20168258,0.25656634,0.20404243,0.23005108,0.19530974,0.24717371,0.18608200,0.23018807,0.15950283,0.17714737,0.15620129,0.15612026,0.15612026,0.24123838,0.18426406,0.24615548,0.19743625,0.14481192,0.14793536,0.15912551,0.21903783,0.09577117,0.08285294,0.09856134,0.07273049,0.06422545,0.08191678,0.08859937,0.08843470,0.08202312,0.08229912,0.07438081,0.00000000,0.06510367,0.08095816,0.07583886,0.07910655,0.09128775,0.09060362,0.06640908,0.07928797,0.08743445,0.12290076,0.09927882,0.07817264,0.09790145,0.10832995,0.13775885,0.20211743,0.09020231,0.09177278,0.16603192,0.12348027,0.11339394,0.12263740,0.09646610,0.10002481,0.10964816,0.13044589,0.11120037,0.09435551,0.08796259,0.11614765,0.10397526,0.14538229,0.09876219,0.09436108,0.10131464
0.17116081,0.23339954,0.28110567,0.16086172,0.23784940,0.18216795,0.20595597,0.20098651,0.29441114,0.15501077,0.18956391,0.17083102,0.15225202,0.16192352,0.16341966,0.21089022,0.23169970,0.23265554,0.15176116,0.27731788,0.29054792,0.26483102,0.18904064,0.22270430,0.25934869,0.15099379,0.15244506,0.14047359,0.15259607,0.14296540,0.14314523,0.14583351,0.14040221,0.15252015,0.15500381,0.14895387,0.14073992,0.13999782,0.14585834,0.14912062,0.13820734,0.14745312,0.14951927,0.14496780,0.15127096,0.14292713,0.15502911,0.14221602,0.22141499,0.28026840,0.22181224,0.25145176,0.20330150,0.27032121,0.20019955,0.23972084,0.18073602,0.20073625,0.17311230,0.16992216,0.16992216,0.26182491,0.18923211,0.26382682,0.21515593,0.14568241,0.15168852,0.17226171,0.23278320,0.08562142,0.08125802,0.09855725,0.07300776,0.06093416,0.08084437,0.07651296,0.07976740,0.07218826,0.07262334,0.07608585,0.06510367,0.00000000,0.07231260,0.07487377,0.07294515,0.07910511,0.07670332,0.08057474,0.07181548,0.07603624,0.10242054,0.09316231,0.07915738,0.08210512,0.09772033,0.14279919,0.17796282,0.07901990,0.09859799,0.14433297,0.12144811,0.10022375,0.11284104,0.09401461,0.08772998,0.10320034,0.12723726,0.10543144,0.09957138,0.07458096,0.11658451,0.11215744,0.16717873,0.09686571,0.07653821,0.10185413
0.23795703,0.28401724,0.33349425,0.18904408,0.28558820,0.22944523,0.24610784,0.23381350,0.34514017,0.18898460,0.22584178,0.21276413,0.20915986,0.18483654,0.18251404,0.25475822,0.27647024,0.27817371,0.17882985,0.32792453,0.34450223,0.31492417,0.22330530,0.26658633,0.30977052,0.14956076,0.15025755,0.14223425,0.15038143,0.14206545,0.14397221,0.14554624,0.14192690,0.14997485,0.15239230,0.14726943,0.14276991,0.14173614,0.14502540,0.14798392,0.13991789,0.14767451,0.14867048,0.14512992,0.14978491,0.14448716,0.15292443,0.14295328,0.26849338,0.33531103,0.26911349,0.30291380,0.24974497,0.32403652,0.23659403,0.28977637,0.22352889,0.23965201,0.22050115,0.21916966,0.21916966,0.31244704,0.22777134,0.31454110,0.26125828,0.19192855,0.19315770,0.20113946,0.28117953,0.06370377,0.06708154,0.08200865,0.09090058,0.08210198,0.09397994,0.05799994,0.06803613,0.06803802,0.05433944,0.10235821,0.08095816,0.07231260,0.00000000,0.07580216,0.09568824,0.06693885,0.06742184,0.10223031,0.07449998,0.06622611,0.07313202,0.06374504,0.06867988,0.06451242,0.09599937,0.15424884,0.13001533,0.07747192,0.08935689,0.08234715,0.09461303,0.10033085,0.12078273,0.10127370,0.08787453,0.10931662,0.12013584,0.07701269,0.10981233,0.09274777,0.12708516,0.12277422,0.20262909,0.09734496,0.07123922,0.09897589
0.19426668,0.24560771,0.27794962,0.14686516,0.24000860,0.19160493,0.20508051,0.19752512,0.28916976,0.15180535,0.18077137,0.16303762,0.17019815,0.15158190,0.16766957,0.20491139,0.22377750,0.23933294,0.13494803,0.27614414,0.28891502,0.26013595,0.18116373,0.21462647,0.25649364,0.13376614,0.13494222,0.12828676,0.13486117,0.12921842,0.12951265,0.13160025,0.12885797,0.13504492,0.13679072,0.13321180,0.12909095,0.12807334,0.13080390,0.13169581,0.12709347,0.13390365,0.13287504,0.13140924,0.13436469,0.13056263,0.13695106,0.12961156,0.22523115,0.28052326,0.23264488,0.25244422,0.22344918,0.27784245,0.19673053,0.25130066,0.17693003,0.19652270,0.17503622,0.17395127,0.17395127,0.25245900,0.18607381,0.26166402,0.21581517,0.15273966,0.16250079,0.15838180,0.23302323,0.07369790,0.05999749,0.07172091,0.06795121,0.06059823,0.07961698,0.08161767,0.06827371,0.07104102,0.07485073,0.08710007,0.07583886,0.07487377,0.07580216,0.00000000,0.07602843,0.07928704,0.08582833,0.07999950,0.06857030,0.07245064,0.09069686,0.08102425,0.05903992,0.08112454,0.10351026,0.14950594,0.16479586,0.07539192,0.09906326,0.13522343,0.10270152,0.11066077,0.13373850,0.10678508,0.08984829,0.10533390,0.13250381,0.10184478,0.09352225,0.08037937,0.12319555,0.10354088,0.16374443,0.11222004,0.08645562,0.08510822
0.17744730,0.22729264,0.26561394,0.15363294,0.22976389,0.16221064,0.19495432,0.18535204,0.26748810,0.14189630,0.17141514,0.15585188,0.15061134,0.15636177,0.14924331,0.19344192,0.21320744,0.23142820,0.14452325,0.25937305,0.26850393,0.24554269,0.16938434,0.20028008,0.23754451,0.14571706,0.14626390,0.13821658,0.14509779,0.14229904,0.14087960,0.14091543,0.14063442,0.14616604,0.14640029,0.14345720,0.14037784,0.13869616,0.14147211,0.14333733,0.13929918,0.14152717,0.14333727,0.14225271,0.14604605,0.14159187,0.14589693,0.14067950,0.20184050,0.26564094,0.21363836,0.23514089,0.21229883,0.25977122,0.19145248,0.23380806,0.16953327,0.19294243,0.16945941,0.15537823,0.15537823,0.23968757,0.18597657,0.25439380,0.20465768,0.13622474,0.14700065,0.14355209,0.21295957,0.09677737,0.08395484,0.09036888,0.08322621,0.07211431,0.07301063,0.09555254,0.08498255,0.07877189,0.09081893,0.08009048,0.07910655,0.07294515,0.09568824,0.07602843,0.00000000,0.09596710,0.10500024,0.07725746,0.08807500,0.08283032,0.10086696,0.10351496,0.08270849,0.09453728,0.11248143,0.14978221,0.18397859,0.08245618,0.10403466,0.16338725,0.12989427,0.11061179,0.13229812,0.10730748,0.09200874,0.10233500,0.14750115,0.12493261,0.10036909,0.07892334,0.12371530,0.10404689,0.15780211,0.11586462,0.10240398,0.09586252
0.22395272,0.28718023,0.33911969,0.20106163,0.29377067,0.23678578,0.24645168,0.24579387,0.34747196,0.19820968,0.24210788,0.21069592,0.19781003,0.20521761,0.18852716,0.26221326,0.29269813,0.29155202,0.18692917,0.33293665,0.35064490,0.31921332,0.23439505,0.27580044,0.31189608,0.17402257,0.17641203,0.16823047,0.17455018,0.17213860,0.16988610,0.17030077,0.16884283,0.17642690,0.17671925,0.17302069,0.17082726,0.16898832,0.17120214,0.17197597,0.16779637,0.17214928,0.17473894,0.16927703,0.17609951,0.17106175,0.17576551,0.16983827,0.27622622,0.34509850,0.28864429,0.30979815,0.27400381,0.33759862,0.26156895,0.30687086,0.23599514,0.24100955,0.22049935,0.21789372,0.21789372,0.31882149,0.23253554,0.32874997,0.26422308,0.19756304,0.19441513,0.20747433,0.28542431,0.06435583,0.07332705,0.09541050,0.09816143,0.08759241,0.09891698,0.06660319,0.07519432,0.08109296,0.06587617,0.11558006,0.09128775,0.07910511,0.06693885,0.07928704,0.09596710,0.00000000,0.04928377,0.11500807,0.08653956,0.06835117,0.08367218,0.06622081,0.07199189,0.07470144,0.08710710,0.17519145,0.13269218,0.08868043,0.11357291,0.09773024,0.11978807,0.12335263,0.12363416,0.11348631,0.11117649,0.11323596,0.15452372,0.08788468,0.12989317,0.09286925,0.15986046,0.13698454,0.22180730,0.11732784,0.08325639,0.10188895
0.23602154,0.28798358,0.34640695,0.20587049,0.30272193,0.23495380,0.24908873,0.25246193,0.35729943,0.19967920,0.24410945,0.21171485,0.20336369,0.21067985,0.20090986,0.26853456,0.29770255,0.29567085,0.18579095,0.34413439,0.35977132,0.32097621,0.24095553,0.28094199,0.32055246,0.17310168,0.17441354,0.16719780,0.17430726,0.17095942,0.16879932,0.16949489,0.16755489,0.17515136,0.17584366,0.17233034,0.16813165,0.16679725,0.16935326,0.17180604,0.16562884,0.17157139,0.17252878,0.16865279,0.17370395,0.16904607,0.17573975,0.16787885,0.28048950,0.34929704,0.29111170,0.31687836,0.26818986,0.34473570,0.25960622,0.30778249,0.24243677,0.24396342,0.22463603,0.21550899,0.21550899,0.32314862,0.23474640,0.33364289,0.27132849,0.19456510,0.19435388,0.21247092,0.29279027,0.06956117,0.07369358,0.09893726,0.09997863,0.08684692,0.10906185,0.06846093,0.07729232,0.08185514,0.06270353,0.11583714,0.09060362,0.07670332,0.06742184,0.08582833,0.10500024,0.04928377,0.00000000,0.11668973,0.08248803,0.07463150,0.07428393,0.06254624,0.07841559,0.06824825,0.08139117,0.16960505,0.12336249,0.08671852,0.10304539,0.08725743,0.11295721,0.11672196,0.11180657,0.11804700,0.10574808,0.11448717,0.14956464,0.07642585,0.12883610,0.09185657,0.15817322,0.13857475,0.22058121,0.11156038,0.08086006,0.10667218
0.13288835,0.19732609,0.22782406,0.13149988,0.19689504,0.14534808,0.16106476,0.16333082,0.23444978,0.11665340,0.14922903,0.13644522,0.12776436,0.13166393,0.14073753,0.16537703,0.17723897,0.19296507,0.11970656,0.22482012,0.23374576,0.21551323,0.13757065,0.16877011,0.19970915,0.14259307,0.14143338,0.13467452,0.14244982,0.13621368,0.13608286,0.13797732,0.13607496,0.14157673,0.14361877,0.13990367,0.13560774,0.13493197,0.13680321,0.14009674,0.13365655,0.14070889,0.14097869,0.13903203,0.14095158,0.13544067,0.14372696,0.13491052,0.18032337,0.22441211,0.18171108,0.20027244,0.17495823,0.21661924,0.15800970,0.20564551,0.14185656,0.16049531,0.13495069,0.13623186,0.13623186,0.20194907,0.15274171,0.21443033,0.16951738,0.12516696,0.12502059,0.12334272,0.18749275,0.11822730,0.09598794,0.08907054,0.07634955,0.06514842,0.08981933,0.10431088,0.10888748,0.08663134,0.10906582,0.07730546,0.06640908,0.08057474,0.10223031,0.07999950,0.07725746,0.11500807,0.11668973,0.00000000,0.08951279,0.09933858,0.13232822,0.12682690,0.09050248,0.11570236,0.14406743,0.14079156,0.23441557,0.09729047,0.10598452,0.20611657,0.13888081,0.13081941,0.15504402,0.10607692,0.10981106,0.12198350,0.15572551,0.14498002,0.08740242,0.09999585,0.12001660,0.10366691,0.13334871,0.12601412,0.11148297,0.10573837
0.20324598,0.26263456,0.29647702,0.15938999,0.25400126,0.21551360,0.21887239,0.20751568,0.31078909,0.17138574,0.19956360,0.19913101,0.19269272,0.15815135,0.17688406,0.22050093,0.23805327,0.24838872,0.15194218,0.29186299,0.30185769,0.27342802,0.19553857,0.23360366,0.27093671,0.13435917,0.13646750,0.12528965,0.13689351,0.12688585,0.12688683,0.12986477,0.12443003,0.13588295,0.13962440,0.13367422,0.12462832,0.12432650,0.12852216,0.13207260,0.12263482,0.13281771,0.13330589,0.13118823,0.13754794,0.13025732,0.14054957,0.12704220,0.23672245,0.29897584,0.23144015,0.26494579,0.21286170,0.28066042,0.20017718,0.24875583,0.18745098,0.21521884,0.20660687,0.19219167,0.19219167,0.27405297,0.20137563,0.27077124,0.22638364,0.17446145,0.17957278,0.17216231,0.24004418,0.07950990,0.06618737,0.09586624,0.08034006,0.06903729,0.08365841,0.07629234,0.07185843,0.06781024,0.07308306,0.09449149,0.07928797,0.07181548,0.07449998,0.06857030,0.08807500,0.08653956,0.08248803,0.08951279,0.00000000,0.06824190,0.08340899,0.08381399,0.07065948,0.07714491,0.09648185,0.14498739,0.15993984,0.07847528,0.08992846,0.13091883,0.10385012,0.09892503,0.12239075,0.09029628,0.07821799,0.11210310,0.11007077,0.09827184,0.08953689,0.08774042,0.10705573,0.11230052,0.16965447,0.09908315,0.07248235,0.10216018
0.24119807,0.26742866,0.31617468,0.17952706,0.27083275,0.22450764,0.22612133,0.22777995,0.32055361,0.19921735,0.22495953,0.19654812,0.21661220,0.17285639,0.17149180,0.23505513,0.26021241,0.26635985,0.16328900,0.30611818,0.32293720,0.29471054,0.20527640,0.24463977,0.29180727,0.13030719,0.13097136,0.12486278,0.13154922,0.12531651,0.12529483,0.12555719,0.12398785,0.13044006,0.13110235,0.12815346,0.12757783,0.12442508,0.12721042,0.12894236,0.12448770,0.12941874,0.13017013,0.12617502,0.13055284,0.12528254,0.13378439,0.12507710,0.24636617,0.31791050,0.27080528,0.28500190,0.24788383,0.30981669,0.22643092,0.27753822,0.21528627,0.24742032,0.21615721,0.21940416,0.21940416,0.29346737,0.22200134,0.30369218,0.25745101,0.19596432,0.20144266,0.18514577,0.25854531,0.07318875,0.06543657,0.08548139,0.09100471,0.07793971,0.08385774,0.06330526,0.06843387,0.06608322,0.06055755,0.10154654,0.08743445,0.07603624,0.06622611,0.07245064,0.08283032,0.06835117,0.07463150,0.09933858,0.06824190,0.00000000,0.07605177,0.07320355,0.06733134,0.07009529,0.09685635,0.14500845,0.14265893,0.07935711,0.08994525,0.09798273,0.08435315,0.10734199,0.12747491,0.10401940,0.08882582,0.10956546,0.11403203,0.08312938,0.09773172,0.08927440,0.11569522,0.10624000,0.18394244,0.10382129,0.07484062,0.10354766
0.31293841,0.33421144,0.37285547,0.22377098,0.32999701,0.28967100,0.29782595,0.30949648,0.37797998,0.26830691,0.29029739,0.27516106,0.29444292,0.22143539,0.21793925,0.29240418,0.30853085,0.33401657,0.22794859,0.36259513,0.37602213,0.35041486,0.27423818,0.30018527,0.34300397,0.18355591,0.18372075,0.17811039,0.18455060,0.17976371,0.17975664,0.18077709,0.17909526,0.18401966,0.18585437,0.18175504,0.17860962,0.17756566,0.17892735,0.18145690,0.17703922,0.18250319,0.18155007,0.18152738,0.18532528,0.18078203,0.18615781,0.17927732,0.32598102,0.37200726,0.35026147,0.33413878,0.32002203,0.35886755,0.28777718,0.33546919,0.28401911,0.32302974,0.30354826,0.29769096,0.29769096,0.34092395,0.29656425,0.34865156,0.33074402,0.26426169,0.28494090,0.25848632,0.30254775,0.07194998,0.07967565,0.09208001,0.12005629,0.10406002,0.11371054,0.07094958,0.07182256,0.07844233,0.06648487,0.14095239,0.12290076,0.10242054,0.07313202,0.09069686,0.10086696,0.08367218,0.07428393,0.13232822,0.08340899,0.07605177,0.00000000,0.07036878,0.08032866,0.06957984,0.08920903,0.20418156,0.11747959,0.08126656,0.13032950,0.08786955,0.11754401,0.09454371,0.11786104,0.11322398,0.10653853,0.12196393,0.15408609,0.08222548,0.16165234,0.08864669,0.15778818,0.14365565,0.24275243,0.10986252,0.08082468,0.12574307
0.30345803,0.30123577,0.35601352,0.20897065,0.31054319,0.27952588,0.29623675,0.28763892,0.36100409,0.24929143,0.29840392,0.25286427,0.27333342,0.20854221,0.19403789,0.29049836,0.30003312,0.32754154,0.22330810,0.34583655,0.36582648,0.33212210,0.25091276,0.28957949,0.32873379,0.15216415,0.15404142,0.14606209,0.15303349,0.15012240,0.14907011,0.14941101,0.14816831,0.15330951,0.15378075,0.15138085,0.14719691,0.14796431,0.15017735,0.15083158,0.14706021,0.15138826,0.15200739,0.14925678,0.15282773,0.14795398,0.15337646,0.14757090,0.31875544,0.35643797,0.34404560,0.32349712,0.30781287,0.35242043,0.26936254,0.31933261,0.27455005,0.32169859,0.27668812,0.27565181,0.27565181,0.32943718,0.30029532,0.34441957,0.33075425,0.24286894,0.25704706,0.24410051,0.29542741,0.06265556,0.07120231,0.08485859,0.10402828,0.08917391,0.10557260,0.06493947,0.06711915,0.07911480,0.05600130,0.13722834,0.09927882,0.09316231,0.06374504,0.08102425,0.10351496,0.06622081,0.06254624,0.12682690,0.08381399,0.07320355,0.07036878,0.00000000,0.06823558,0.05959762,0.09066164,0.18947374,0.12877394,0.09412760,0.11316006,0.06450642,0.08450530,0.11220641,0.11516542,0.10444611,0.10254449,0.11542953,0.12765902,0.06909283,0.15363240,0.09690144,0.14795735,0.13044181,0.22243876,0.11091813,0.08141153,0.11865107
0.20622763,0.25686111,0.29967636,0.17083002,0.26462372,0.19952842,0.21465404,0.20699108,0.30823964,0.16636286,0.20638685,0.17697000,0.18545541,0.16820620,0.17597919,0.22599048,0.24834752,0.26238735,0.14971523,0.29527842,0.30921957,0.28314813,0.19542079,0.23250204,0.27957098,0.13641081,0.13540262,0.13105699,0.13475086,0.12894972,0.12978337,0.13111308,0.12863756,0.13474598,0.13634481,0.13311811,0.12963202,0.12844449,0.13149996,0.13283903,0.12958875,0.13313732,0.13345303,0.13301009,0.13495830,0.13134483,0.13682171,0.12984986,0.23787258,0.30331171,0.25178692,0.27201341,0.23837790,0.29718825,0.22000283,0.26924972,0.19656721,0.21249542,0.20657447,0.18786431,0.18786431,0.28242787,0.20891203,0.28702857,0.23267998,0.17584037,0.17975416,0.17732607,0.25364161,0.07240071,0.06411877,0.07255340,0.08108101,0.07227760,0.08094417,0.07366019,0.06448961,0.06490506,0.06783678,0.09971178,0.07817264,0.07915738,0.06867988,0.05903992,0.08270849,0.07199189,0.07841559,0.09050248,0.07065948,0.06733134,0.08032866,0.06823558,0.00000000,0.07595323,0.08832523,0.17762877,0.14374120,0.08190392,0.10871914,0.11469836,0.09527890,0.11555669,0.12056796,0.11342093,0.09973687,0.10170671,0.12200504,0.08992395,0.10768210,0.08728237,0.12278922,0.10598133,0.18200641,0.10906540,0.07824250,0.09315400
0.28047943,0.30208440,0.35478999,0.21280646,0.30889045,0.26622521,0.28125077,0.28475967,0.36537831,0.24547898,0.26859504,0.25335497,0.26415532,0.21110780,0.21144688,0.27548113,0.29661276,0.29265665,0.20711722,0.34914383,0.36660514,0.33400181,0.24535143,0.28481496,0.32259918,0.16526814,0.16585815,0.15830668,0.16608389,0.15867906,0.15999861,0.16247939,0.16073652,0.16600887,0.16611376,0.16397498,0.15809652,0.15840055,0.15987897,0.16230928,0.15779978,0.16221388,0.16207234,0.16053182,0.16532044,0.16225523,0.16743728,0.15938995,0.30144326,0.35257942,0.32078383,0.32280027,0.27575272,0.35139542,0.26306951,0.31264855,0.25965010,0.29368654,0.26519782,0.27196864,0.27196864,0.32481343,0.27588791,0.34361156,0.31152207,0.24233214,0.25558359,0.23032266,0.29622586,0.06417828,0.06951421,0.08310217,0.10683546,0.09117163,0.11176770,0.06334838,0.07095801,0.07273379,0.06398517,0.12256513,0.09790145,0.08210512,0.06451242,0.08112454,0.09453728,0.07470144,0.06824825,0.11570236,0.07714491,0.07009529,0.06957984,0.05959762,0.07595323,0.00000000,0.09020465,0.16649058,0.12437642,0.07405630,0.11062551,0.08461894,0.10030059,0.09716547,0.11424584,0.10902700,0.09630521,0.11240299,0.14078396,0.07001882,0.12249866,0.08540142,0.15481700,0.14094484,0.22528915,0.09863550,0.07833001,0.11559428
0.30812255,0.35854630,0.42101405,0.26859774,0.37552158,0.27475422,0.31537308,0.30532245,0.43044181,0.25578089,0.29843223,0.24664556,0.27086964,0.25782011,0.22980758,0.33862996,0.36393824,0.35230763,0.22892178,0.41483605,0.43017423,0.39738788,0.30466140,0.34536291,0.39609326,0.21650982,0.21753909,0.21092579,0.21758961,0.21113381,0.21161060,0.21265350,0.20898531,0.21690870,0.21843652,0.21515257,0.21134018,0.20968503,0.21311431,0.21493823,0.20890679,0.21460948,0.21538890,0.21323918,0.21637296,0.21304894,0.21923471,0.21180490,0.34288353,0.42281992,0.35040224,0.38491971,0.32478599,0.41224463,0.31380408,0.36687257,0.30279527,0.32653121,0.29150999,0.27626769,0.27626769,0.39684075,0.29211942,0.40415043,0.33836388,0.25297539,0.25710853,0.26985103,0.35411554,0.08437504,0.10456676,0.12661429,0.12517111,0.11526863,0.10323944,0.09277713,0.09061026,0.10965537,0.08415258,0.13279975,0.10832995,0.09772033,0.09599937,0.10351026,0.11248143,0.08710710,0.08139117,0.14406743,0.09648185,0.09685635,0.08920903,0.09066164,0.08832523,0.09020465,0.00000000,0.20883730,0.09520102,0.09151327,0.14082709,0.11259836,0.13951653,0.12691177,0.07917613,0.12393451,0.11231866,0.10087101,0.17749060,0.08636626,0.17323160,0.10801768,0.19118064,0.18235216,0.28365271,0.11715571,0.07388942,0.08586728
0.19705143,0.20281415,0.20284910,0.14680075,0.15560073,0.14514367,0.15608952,0.16786297,0.21645373,0.15808197,0.17783141,0.12960793,0.18222836,0.10157220,0.11229718,0.16665064,0.17473471,0.20771995,0.13836890,0.20289107,0.21557379,0.19089352,0.15731968,0.17892762,0.18423024,0.19133585,0.19448970,0.17942665,0.19589316,0.17987831,0.18289934,0.18900639,0.18071040,0.19556077,0.19803507,0.19109280,0.17810357,0.17833652,0.18005219,0.18854572,0.17411945,0.18981047,0.19028231,0.18745613,0.19463957,0.18407799,0.19941331,0.17906357,0.19010492,0.19416781,0.21115395,0.18842386,0.20606720,0.18676933,0.15363486,0.21125495,0.14161991,0.20263245,0.15650139,0.15958390,0.15958390,0.19296804,0.16008447,0.17900165,0.18956486,0.14346565,0.15478891,0.14289370,0.16409185,0.17743019,0.15481377,0.18148776,0.13349241,0.13553379,0.13910918,0.16447694,0.18112236,0.13168170,0.17214617,0.11092537,0.13775885,0.14279919,0.15424884,0.14950594,0.14978221,0.17519145,0.16960505,0.14079156,0.14498739,0.14500845,0.20418156,0.18947374,0.17762877,0.16649058,0.20883730,0.00000000,0.30089206,0.13595676,0.10384096,0.27768612,0.20973419,0.17791909,0.19191170,0.13682735,0.12334548,0.15588645,0.18066063,0.17774166,0.11029540,0.14654376,0.11770145,0.14254540,0.12087857,0.14342919,0.14676343,0.15433351
0.48137830,0.50292634,0.48564497,0.33707471,0.43546891,0.43887326,0.47844588,0.48010266,0.51237291,0.42466400,0.47203596,0.42246295,0.44852546,0.32702973,0.32532619,0.47278038,0.46285755,0.52701631,0.37982840,0.50753447,0.50364258,0.47767163,0.41963296,0.47716145,0.47748661,0.28604283,0.28827580,0.27712980,0.28932649,0.27737785,0.28221404,0.28446809,0.27953953,0.28956926,0.28978432,0.28579374,0.27872121,0.27968137,0.28297771,0.28534527,0.27712506,0.28416093,0.28714622,0.28113269,0.28604484,0.28029800,0.29041487,0.28007990,0.51972694,0.52948459,0.54552032,0.51677177,0.49928601,0.51491826,0.45230654,0.51342127,0.44082196,0.51609391,0.45317054,0.45493833,0.45493833,0.49383299,0.48392895,0.49307249,0.52995213,0.41803170,0.43878365,0.41658297,0.47380502,0.12035436,0.15350681,0.16989140,0.21123327,0.18606597,0.20015411,0.13292196,0.12090332,0.16526478,0.12690555,0.25770945,0.20211743,0.17796282,0.13001533,0.16479586,0.18397859,0.13269218,0.12336249,0.23441557,0.15993984,0.14265893,0.11747959,0.12877394,0.14374120,0.12437642,0.09520102,0.30089206,0.00000000,0.15014896,0.20539487,0.12721284,0.18440565,0.15016258,0.11554063,0.17835992,0.18967875,0.16419162,0.22741201,0.11224865,0.27019236,0.17070350,0.23793912,0.23292507,0.34822100,0.14461072,0.13349957,0.19509241
0.20630435,0.27935115,0.30673453,0.17905247,0.26367719,0.18161742,0.22901004,0.22038451,0.32527237,0.16594491,0.19876981,0.18189313,0.19613675,0.17566030,0.17287110,0.23550074,0.25188130,0.25097466,0.15316587,0.30456155,0.31586387,0.28923005,0.20831477,0.24791109,0.27860612,0.15498031,0.15663719,0.15121670,0.15632878,0.14949318,0.15043986,0.15169062,0.14986731,0.15565107,0.15845915,0.15462975,0.14896207,0.14867375,0.15050135,0.15290508,0.14852954,0.15427830,0.15358172,0.15440475,0.15791098,0.15316601,0.15918421,0.15084490,0.25056255,0.30976709,0.24910380,0.27800054,0.22726242,0.29828693,0.21604512,0.26872393,0.20239072,0.22966169,0.20153823,0.19447717,0.19447717,0.28181913,0.19462051,0.28841742,0.24245661,0.16654529,0.18405848,0.18985736,0.25433829,0.08179095,0.08068954,0.10120007,0.09240119,0.08191181,0.08230231,0.08008841,0.08117103,0.07215011,0.08065159,0.08510824,0.09020231,0.07901990,0.07747192,0.07539192,0.08245618,0.08868043,0.08671852,0.09729047,0.07847528,0.07935711,0.08126656,0.09412760,0.08190392,0.07405630,0.09151327,0.13595676,0.15014896,0.00000000,0.09569194,0.13112074,0.12252676,0.10246124,0.11092858,0.09565681,0.08631049,0.09458597,0.13471122,0.09586868,0.10056281,0.07404321,0.12445696,0.13033188,0.18577903,0.10944359,0.07521447,0.08475848
0.23355713,0.23366320,0.25904827,0.14658643,0.21768136,0.20673705,0.21656400,0.22419469,0.28798694,0.18378189,0.21891885,0.17461257,0.20508371,0.13682233,0.14969746,0.21051546,0.22783008,0.24216666,0.15429916,0.26277833,0.28247353,0.24655539,0.19199725,0.22432425,0.24491676,0.14372113,0.14834608,0.12956546,0.14737283,0.13112330,0.13477273,0.13742022,0.13181168,0.14895303,0.15060555,0.14144840,0.13124441,0.12989856,0.13799738,0.14188666,0.12752710,0.13961623,0.14503634,0.13249065,0.14508049,0.13315220,0.15109199,0.13256319,0.24905781,0.26010800,0.26797302,0.24653809,0.22791445,0.24764246,0.20386232,0.24422047,0.19386116,0.24899371,0.20914556,0.21350035,0.21350035,0.25753247,0.21612982,0.24884003,0.25549064,0.18878897,0.18865098,0.17418821,0.21711289,0.10875416,0.09317567,0.12428824,0.09817521,0.08954130,0.10155535,0.09258645,0.10141733,0.08746734,0.09521965,0.10857282,0.09177278,0.09859799,0.08935689,0.09906326,0.10403466,0.11357291,0.10304539,0.10598452,0.08992846,0.08994525,0.13032950,0.11316006,0.10871914,0.11062551,0.14082709,0.10384096,0.20539487,0.09569194,0.00000000,0.16276937,0.12374839,0.14106815,0.15048298,0.09996743,0.08822089,0.12513155,0.11013644,0.12009763,0.09031531,0.11129303,0.09195701,0.11596797,0.14329937,0.10061978,0.09281343,0.11786385
0.47077070,0.48811623,0.43452315,0.31364001,0.38397936,0.42111926,0.46474138,0.46802137,0.50088583,0.41087316,0.46137153,0.40661673,0.43251383,0.30328423,0.30056818,0.46042721,0.45129123,0.51644158,0.36564392,0.49642340,0.49240531,0.46549896,0.40529778,0.46721174,0.46463869,0.16597043,0.16791580,0.16283562,0.16691362,0.16431346,0.16373532,0.16443067,0.16229349,0.16756345,0.16792399,0.16536465,0.16315516,0.16299505,0.16503773,0.16566875,0.16175621,0.16533693,0.16664897,0.16373420,0.16694428,0.16324496,0.16819913,0.16307299,0.50901731,0.51835743,0.53515518,0.50687201,0.48886736,0.50396106,0.43927822,0.50132384,0.42632703,0.50323823,0.44004788,0.43865123,0.43865123,0.48297561,0.46914698,0.48082048,0.51894176,0.40199516,0.42175889,0.40210308,0.45877025,0.08689732,0.10840363,0.11620054,0.17885582,0.15645345,0.17036459,0.08965014,0.09105139,0.13435211,0.07411753,0.23372172,0.16603192,0.14433297,0.08234715,0.13522343,0.16338725,0.09773024,0.08725743,0.20611657,0.13091883,0.09798273,0.08786955,0.06450642,0.11469836,0.08461894,0.11259836,0.27768612,0.12721284,0.13112074,0.16276937,0.00000000,0.08199357,0.14501606,0.14427750,0.14973178,0.15454190,0.15880922,0.13327381,0.08327200,0.24757957,0.15083028,0.19771662,0.20071989,0.31554360,0.12171404,0.11473405,0.20115380
0.36341435,0.37760202,0.32443715,0.21041745,0.27126580,0.31699395,0.35117369,0.35549214,0.38252480,0.30202828,0.34746703,0.29552028,0.32882480,0.20895402,0.21277945,0.34274274,0.33313255,0.39899127,0.25949145,0.37774131,0.37079263,0.34755527,0.29126761,0.34974580,0.34905234,0.09857871,0.10198253,0.09716362,0.10046653,0.09634097,0.09689117,0.09811355,0.09824630,0.10212737,0.10177684,0.09988946,0.09883903,0.09637151,0.09800081,0.09988369,0.09534724,0.09871603,0.10001059,0.09442067,0.09864308,0.09481234,0.10249277,0.09571909,0.39274328,0.40031144,0.41730941,0.38769346,0.38287321,0.38888323,0.33081066,0.39228670,0.31734977,0.39252891,0.33432817,0.33435971,0.33435971,0.36393382,0.35293557,0.36806410,0.39974208,0.30206251,0.31599251,0.29718651,0.34460015,0.11048452,0.08734719,0.09705281,0.12692272,0.10610325,0.12199710,0.09868804,0.10402368,0.09390249,0.08813018,0.15742334,0.12348027,0.12144811,0.09461303,0.10270152,0.12989427,0.11978807,0.11295721,0.13888081,0.10385012,0.08435315,0.11754401,0.08450530,0.09527890,0.10030059,0.13951653,0.20973419,0.18440565,0.12252676,0.12374839,0.08199357,0.00000000,0.14466755,0.15250515,0.11536611,0.11331366,0.14952102,0.09545331,0.10817434,0.16529952,0.13642384,0.12570158,0.12451847,0.21125627,0.11987076,0.11089199,0.16285988
0.28986236,0.32267503,0.36902901,0.23284205,0.32840774,0.26862850,0.27706308,0.28330375,0.37771730,0.24768110,0.25901100,0.25555776,0.27253712,0.20853665,0.21486426,0.28775485,0.30366902,0.30409375,0.22158904,0.36271932,0.37165179,0.34577485,0.27082945,0.30672146,0.34146039,0.20630439,0.21235869,0.19370029,0.21115019,0.19418792,0.19930294,0.20167383,0.19564234,0.21282673,0.21381958,0.20569631,0.19400709,0.19346769,0.20178646,0.20378774,0.19101934,0.20496376,0.20929246,0.19634101,0.20927671,0.19758857,0.21460099,0.19693600,0.30134279,0.35890760,0.32044445,0.32877985,0.28695704,0.34591105,0.26423059,0.30722203,0.25941877,0.28854288,0.28372833,0.27357226,0.27357226,0.33351394,0.26524310,0.34154859,0.30099660,0.23944416,0.26248884,0.23780971,0.28682641,0.10461557,0.11961205,0.13155648,0.11461563,0.11446373,0.10201968,0.10285220,0.08160846,0.11004108,0.10508325,0.12668312,0.11339394,0.10022375,0.10033085,0.11066077,0.11061179,0.12335263,0.11672196,0.13081941,0.09892503,0.10734199,0.09454371,0.11220641,0.11555669,0.09716547,0.12691177,0.17791909,0.15016258,0.10246124,0.14106815,0.14501606,0.14466755,0.00000000,0.10242623,0.11263006,0.10006966,0.13462048,0.15803991,0.11566234,0.14940178,0.09024239,0.15195553,0.16012396,0.23902856,0.11574910,0.09555408,0.14130308
0.27302862,0.33654680,0.39088011,0.26123979,0.34742977,0.22443076,0.28952365,0.30106715,0.41171780,0.24126117,0.29299836,0.23844300,0.24059594,0.22177596,0.20352363,0.32488610,0.34467297,0.33729902,0.22943237,0.38337429,0.40561444,0.36827963,0.30126844,0.33406249,0.37688695,0.21467859,0.21984899,0.19554571,0.21949111,0.19797321,0.20492739,0.20797895,0.20089591,0.22028844,0.22138754,0.21435265,0.19998616,0.19912824,0.20909298,0.21218645,0.19723957,0.21179662,0.21645046,0.20394766,0.21573163,0.20350800,0.22213384,0.20310712,0.32993154,0.39134456,0.31555325,0.36286790,0.29089573,0.37471266,0.28787124,0.33247980,0.26837926,0.29068240,0.25981163,0.23600327,0.23600327,0.37978218,0.28893818,0.37587884,0.31862855,0.21421544,0.24127897,0.27279609,0.32106098,0.10524442,0.13269376,0.16258664,0.13254037,0.13332744,0.11588616,0.12440747,0.11271121,0.12789540,0.11332078,0.14412025,0.12263740,0.11284104,0.12078273,0.13373850,0.13229812,0.12363416,0.11180657,0.15504402,0.12239075,0.12747491,0.11786104,0.11516542,0.12056796,0.11424584,0.07917613,0.19191170,0.11554063,0.11092858,0.15048298,0.14427750,0.15250515,0.10242623,0.00000000,0.11191201,0.11399418,0.10484056,0.15671975,0.10362042,0.17578389,0.11137414,0.16131733,0.17846917,0.25296349,0.10488015,0.09159586,0.12851083
0.21973247,0.26404139,0.28573408,0.16293293,0.24196251,0.19676911,0.21165934,0.22223569,0.31397010,0.17344147,0.21208699,0.19604592,0.19738228,0.13654223,0.13354049,0.23418547,0.24754752,0.25275409,0.17264231,0.27783171,0.30672115,0.27039061,0.21715922,0.24551922,0.27320177,0.15557126,0.16139329,0.13865360,0.16009851,0.13958008,0.14541906,0.14954889,0.14104015,0.16136525,0.16390195,0.15456684,0.13739847,0.13929335,0.14682775,0.15071838,0.13522689,0.15013473,0.15477867,0.14576795,0.15927916,0.14348506,0.16299280,0.14358807,0.25157799,0.28452768,0.26093796,0.27233121,0.21982908,0.26523657,0.19029930,0.23547132,0.18248328,0.23887823,0.20811606,0.20092983,0.20092983,0.28459752,0.22355830,0.26296184,0.24505647,0.16388879,0.18501653,0.17453953,0.22918831,0.10205473,0.10956911,0.13718158,0.10062874,0.09297209,0.09432416,0.10873801,0.10389928,0.09278337,0.09406193,0.09581204,0.09646610,0.09401461,0.10127370,0.10678508,0.10730748,0.11348631,0.11804700,0.10607692,0.09029628,0.10401940,0.11322398,0.10444611,0.11342093,0.10902700,0.12393451,0.13682735,0.17835992,0.09565681,0.09996743,0.14973178,0.11536611,0.11263006,0.11191201,0.00000000,0.07623971,0.11930291,0.10014191,0.11853141,0.10093688,0.09616471,0.09174057,0.10815785,0.16059190,0.08598147,0.09203219,0.13609648
0.25084577,0.25270704,0.28354288,0.15771765,0.24183993,0.22487962,0.23213637,0.24349823,0.30650110,0.20916189,0.22742846,0.20839697,0.22345396,0.15123297,0.16382908,0.23255073,0.23694238,0.27083973,0.17809964,0.28073940,0.29676601,0.26576167,0.21100119,0.23777995,0.27165803,0.14281117,0.14759446,0.12164359,0.14751612,0.12276520,0.12998625,0.13455146,0.12342745,0.14841091,0.15153898,0.14050972,0.12212705,0.12131078,0.13141031,0.13778224,0.11743798,0.13664516,0.14228864,0.13006305,0.14487864,0.12889639,0.15171967,0.12655695,0.26098554,0.28028345,0.27964665,0.25920840,0.24579182,0.26005582,0.22788239,0.25786641,0.21065187,0.25433301,0.24110687,0.22934417,0.22934417,0.27572396,0.23436475,0.25433104,0.26328687,0.18813821,0.22921959,0.19448657,0.23967986,0.10249707,0.09197516,0.13461861,0.10002388,0.08808474,0.08804560,0.09426959,0.08690638,0.07882054,0.08681958,0.11096001,0.10002481,0.08772998,0.08787453,0.08984829,0.09200874,0.11117649,0.10574808,0.10981106,0.07821799,0.08882582,0.10653853,0.10254449,0.09973687,0.09630521,0.11231866,0.12334548,0.18967875,0.08631049,0.08822089,0.15454190,0.11331366,0.10006966,0.11399418,0.07623971,0.00000000,0.11837315,0.08200845,0.10933602,0.11399849,0.09287474,0.08894730,0.10983581,0.15089028,0.09049505,0.07878033,0.12966493
0.21542443,0.27433702,0.31461741,0.20542789,0.27151043,0.17133640,0.22543456,0.22068189,0.31659862,0.18418994,0.22364113,0.17944426,0.18172478,0.18741696,0.17103932,0.24249583,0.26653713,0.27239192,0.16275999,0.29613347,0.31524477,0.28950793,0.21362232,0.24732720,0.28401538,0.18265891,0.18286567,0.17875633,0.18200792,0.17844333,0.17957774,0.18051403,0.18066112,0.18190375,0.18264339,0.18215831,0.18060803,0.17910908,0.17915514,0.18111939,0.17898965,0.18289345,0.18120063,0.18126697,0.18265813,0.18152595,0.18409533,0.17871591,0.25701323,0.31400262,0.26388024,0.28294236,0.25812934,0.30506103,0.23159041,0.27678298,0.21729663,0.23567571,0.21077613,0.18638098,0.18638098,0.29143301,0.22218448,0.30390338,0.25377881,0.15977953,0.17447176,0.19026264,0.25860301,0.09464545,0.10718238,0.12454376,0.11895754,0.11508579,0.09204983,0.11738647,0.10893600,0.11015653,0.11197153,0.11600125,0.10964816,0.10320034,0.10931662,0.10533390,0.10233500,0.11323596,0.11448717,0.12198350,0.11210310,0.10956546,0.12196393,0.11542953,0.10170671,0.11240299,0.10087101,0.15588645,0.16419162,0.09458597,0.12513155,0.15880922,0.14952102,0.13462048,0.10484056,0.11930291,0.11837315,0.00000000,0.17830005,0.11179345,0.13384154,0.11281880,0.15716711,0.14787655,0.20575533,0.11817109,0.09670699,0.10429515
0.36496575,0.38046739,0.32144420,0.20216012,0.27568379,0.33421677,0.36109739,0.36122056,0.39319234,0.30539203,0.35261246,0.31090694,0.33034302,0.20950621,0.23330900,0.35345069,0.34221227,0.39973766,0.26592209,0.39054723,0.38434749,0.35854470,0.30513460,0.35757042,0.35974977,0.09615065,0.09966827,0.08877159,0.09990825,0.07682041,0.08263570,0.08490629,0.07164279,0.09963533,0.11214545,0.09222045,0.07334992,0.07495206,0.09771190,0.09587581,0.07339849,0.08828574,0.09348927,0.09343620,0.10167758,0.09027940,0.10476316,0.08671649,0.39730900,0.40733678,0.42332099,0.39621019,0.36856694,0.39102956,0.33049134,0.38376133,0.31856399,0.39251670,0.33899738,0.33170174,0.33170174,0.37419346,0.36131242,0.36568598,0.40735381,0.29842813,0.32010886,0.29696573,0.35916210,0.15043873,0.11511671,0.15652166,0.13764313,0.11596992,0.12991036,0.12948032,0.14529010,0.09184023,0.11831673,0.14659552,0.13044589,0.12723726,0.12013584,0.13250381,0.14750115,0.15452372,0.14956464,0.15572551,0.11007077,0.11403203,0.15408609,0.12765902,0.12200504,0.14078396,0.17749060,0.18066063,0.22741201,0.13471122,0.11013644,0.13327381,0.09545331,0.15803991,0.15671975,0.10014191,0.08200845,0.17830005,0.00000000,0.14232576,0.15341025,0.14443919,0.09863172,0.13142578,0.20682010,0.10631195,0.10967075,0.17684488
0.29679931,0.31963350,0.37865760,0.23743089,0.33254620,0.26064033,0.27660407,0.27960512,0.38874826,0.24902256,0.27520038,0.23561326,0.26373469,0.22527192,0.20246320,0.29954337,0.32553174,0.31819310,0.19562326,0.36655480,0.38939354,0.35158064,0.26442986,0.30668108,0.35389648,0.18372701,0.18386497,0.16996373,0.18412869,0.17369390,0.17568155,0.17705097,0.17450600,0.18383913,0.18476679,0.18126309,0.17337997,0.17402315,0.17833093,0.17958659,0.17290832,0.18008175,0.18153658,0.17744786,0.18174939,0.17509212,0.18518454,0.17483409,0.30952221,0.37997925,0.32891061,0.34569100,0.30160701,0.37108149,0.27402141,0.33084792,0.25898756,0.31263212,0.26407569,0.26652735,0.26652735,0.35720852,0.27843027,0.36917760,0.31161519,0.23727251,0.24809645,0.24532281,0.32052821,0.08005341,0.09358821,0.11274564,0.12253131,0.10843167,0.11758174,0.08086966,0.08365617,0.09106441,0.06763696,0.13873867,0.11120037,0.10543144,0.07701269,0.10184478,0.12493261,0.08788468,0.07642585,0.14498002,0.09827184,0.08312938,0.08222548,0.06909283,0.08992395,0.07001882,0.08636626,0.17774166,0.11224865,0.09586868,0.12009763,0.08327200,0.10817434,0.11566234,0.10362042,0.11853141,0.10933602,0.11179345,0.14232576,0.00000000,0.13677593,0.10382428,0.16018210,0.15161030,0.24084621,0.10604714,0.08438914,0.11775200
0.16649118,0.14973594,0.16885546,0.10442533,0.14324456,0.15501065,0.14604049,0.15098459,0.19652066,0.12719877,0.13704002,0.11654428,0.15015207,0.11655097,0.13722642,0.13825955,0.15323304,0.15621657,0.10384266,0.18095355,0.19500283,0.16655203,0.11894011,0.13857540,0.16054604,0.14452720,0.14834799,0.13669482,0.14681664,0.13799932,0.14033609,0.14106833,0.13640038,0.14715152,0.14966854,0.14472424,0.13719218,0.13722911,0.14267963,0.14240350,0.13592615,0.14264105,0.14558009,0.14222459,0.14716873,0.13881201,0.14843670,0.13994712,0.15641223,0.17978519,0.18272913,0.17219021,0.15294339,0.16470581,0.13115531,0.15798578,0.13111019,0.16608252,0.14539693,0.14709564,0.14709564,0.17173794,0.13575538,0.16832686,0.16710138,0.12777031,0.12570423,0.10323409,0.15383048,0.13376472,0.10027055,0.11833012,0.09478816,0.08378493,0.09412079,0.12656975,0.12361992,0.09623449,0.10732900,0.07363745,0.09435551,0.09957138,0.10981233,0.09352225,0.10036909,0.12989317,0.12883610,0.08740242,0.08953689,0.09773172,0.16165234,0.15363240,0.10768210,0.12249866,0.17323160,0.11029540,0.27019236,0.10056281,0.09031531,0.24757957,0.16529952,0.14940178,0.17578389,0.10093688,0.11399849,0.13384154,0.15341025,0.13677593,0.00000000,0.11428129,0.09369042,0.09790511,0.09040800,0.12126265,0.11340109,0.11925593
0.21080640,0.26678671,0.30282716,0.17901859,0.26733497,0.20417470,0.23592389,0.22749530,0.32090138,0.17686988,0.19949406,0.19719588,0.18224863,0.17361934,0.16673870,0.23614396,0.25100530,0.25397481,0.16740067,0.30412680,0.31638057,0.28187709,0.21408356,0.24693656,0.27989875,0.17224932,0.17279082,0.15684159,0.17378954,0.16046993,0.16299608,0.16597162,0.16086484,0.17379101,0.17553244,0.16908574,0.16016572,0.15905407,0.16436688,0.16855327,0.15918929,0.16981711,0.17024139,0.16515137,0.17167765,0.16370397,0.17746397,0.16164605,0.24441487,0.30321398,0.23773668,0.27721941,0.22539871,0.28777510,0.21436271,0.25331590,0.19337896,0.22265247,0.19600355,0.18283775,0.18283775,0.28414501,0.19792774,0.28426000,0.24420406,0.17077145,0.18800043,0.17942922,0.24496786,0.09179469,0.08977411,0.10698732,0.08285390,0.07837251,0.09336465,0.09162777,0.07821628,0.09048746,0.08891298,0.09357969,0.08796259,0.07458096,0.09274777,0.08037937,0.07892334,0.09286925,0.09185657,0.09999585,0.08774042,0.08927440,0.08864669,0.09690144,0.08728237,0.08540142,0.10801768,0.14654376,0.17070350,0.07404321,0.11129303,0.15083028,0.13642384,0.09024239,0.11137414,0.09616471,0.09287474,0.11281880,0.14443919,0.10382428,0.11428129,0.00000000,0.12717489,0.13094304,0.18353128,0.10011882,0.08513930,0.10951361
0.22357710,0.24133638,0.22416869,0.11762175,0.18726554,0.19328275,0.21925459,0.21895921,0.25522398,0.18318880,0.20565385,0.17444211,0.21117874,0.11081381,0.12536001,0.20018202,0.19869003,0.24986749,0.14396870,0.24094693,0.24302771,0.20986270,0.16667607,0.20797462,0.21209259,0.12469533,0.13037765,0.10501753,0.13093437,0.11015139,0.11553244,0.11902557,0.11125912,0.13168033,0.13285929,0.12569742,0.11013105,0.11023235,0.11861061,0.12367299,0.10634759,0.12326474,0.12691217,0.11436016,0.12616681,0.11196635,0.13403354,0.11189124,0.24363398,0.25338839,0.26997726,0.24747464,0.23242233,0.24243742,0.19376593,0.24752684,0.18670468,0.24485065,0.20762689,0.20560026,0.20560026,0.22215286,0.21211732,0.22485836,0.25252401,0.17977231,0.19027545,0.16329410,0.20793307,0.16285591,0.12592641,0.15067452,0.11568132,0.10778980,0.10239779,0.13314008,0.14990486,0.08934963,0.13326227,0.09439571,0.11614765,0.11658451,0.12708516,0.12319555,0.12371530,0.15986046,0.15817322,0.12001660,0.10705573,0.11569522,0.15778818,0.14795735,0.12278922,0.15481700,0.19118064,0.11770145,0.23793912,0.12445696,0.09195701,0.19771662,0.12570158,0.15195553,0.16131733,0.09174057,0.08894730,0.15716711,0.09863172,0.16018210,0.09369042,0.12717489,0.00000000,0.10382391,0.10580487,0.10671451,0.11823820,0.12907585
0.22420579,0.21796216,0.20408750,0.10940832,0.17247446,0.19003110,0.20287132,0.20601740,0.21944504,0.18051050,0.19870411,0.16706820,0.20965516,0.13527438,0.13579518,0.18929746,0.18280430,0.23309392,0.13191506,0.21799168,0.21219509,0.19132986,0.16424956,0.19173753,0.19211660,0.10813418,0.10785249,0.10197807,0.10628508,0.10348023,0.10334976,0.10242344,0.10072622,0.10756014,0.10919300,0.10372783,0.09936778,0.09940434,0.10463073,0.10299317,0.10029947,0.10344345,0.10532450,0.10536794,0.10881791,0.10186538,0.10802152,0.10386354,0.22724027,0.24133577,0.25718831,0.22517315,0.23030696,0.22586699,0.19031609,0.23145210,0.18898809,0.23234325,0.20036098,0.20087184,0.20087184,0.20333556,0.19623497,0.21693850,0.23669249,0.17125599,0.18149750,0.15587862,0.18973605,0.14274817,0.09844390,0.11287013,0.10992137,0.09959841,0.10537177,0.12516475,0.13605467,0.09709255,0.12437048,0.09328305,0.10397526,0.11215744,0.12277422,0.10354088,0.10404689,0.13698454,0.13857475,0.10366691,0.11230052,0.10624000,0.14365565,0.13044181,0.10598133,0.14094484,0.18235216,0.14254540,0.23292507,0.13033188,0.11596797,0.20071989,0.12451847,0.16012396,0.17846917,0.10815785,0.10983581,0.14787655,0.13142578,0.15161030,0.09790511,0.13094304,0.10382391,0.00000000,0.10117613,0.14814984,0.12218857,0.13171438
0.15888853,0.13402153,0.10042074,0.07359772,0.08209275,0.13223298,0.12960486,0.12819386,0.13642371,0.11335432,0.13005623,0.09159332,0.13710636,0.09969814,0.11220811,0.11642999,0.10496477,0.15744830,0.07843123,0.13022086,0.12206721,0.10252199,0.09432418,0.11405434,0.11030824,0.16702687,0.16964641,0.16252829,0.16774916,0.16432931,0.16324974,0.16453714,0.16189323,0.16778999,0.16866132,0.16581801,0.16291971,0.16241409,0.16599638,0.16526297,0.16139994,0.16493091,0.16702743,0.16399077,0.16752929,0.16354232,0.16879169,0.16353677,0.14532905,0.15346975,0.17572686,0.13740782,0.15231347,0.14011405,0.11832851,0.15074076,0.12128000,0.16281556,0.13209031,0.13595487,0.13595487,0.12021461,0.12627434,0.13745740,0.15488874,0.11550170,0.11729287,0.09017870,0.11340140,0.23386747,0.17398197,0.18821057,0.13946480,0.14546004,0.13696851,0.20803890,0.21990750,0.14224005,0.21042763,0.10326170,0.14538229,0.16717873,0.20262909,0.16374443,0.15780211,0.22180730,0.22058121,0.13334871,0.16965447,0.18394244,0.24275243,0.22243876,0.18200641,0.22528915,0.28365271,0.12087857,0.34822100,0.18577903,0.14329937,0.31554360,0.21125627,0.23902856,0.25296349,0.16059190,0.15089028,0.20575533,0.20682010,0.24084621,0.09040800,0.18353128,0.10580487,0.10117613,0.00000000,0.20472005,0.19896506,0.16021591
0.27636675,0.29254800,0.33479938,0.21124125,0.28834009,0.25006192,0.27093643,0.26965567,0.36330186,0.22794919,0.25711397,0.23655099,0.24836182,0.16943989,0.19592118,0.27647176,0.28990629,0.29121610,0.19973960,0.33521400,0.35799970,0.31657949,0.25703310,0.29320880,0.31603386,0.17741467,0.18264656,0.16091969,0.18353278,0.15960813,0.16810319,0.17230286,0.16438005,0.18387542,0.18547621,0.17744246,0.16271042,0.16226280,0.17162082,0.17619880,0.15895327,0.17509155,0.17939440,0.16774325,0.17941257,0.16887360,0.18656614,0.16630563,0.29638847,0.33025011,0.31413763,0.31803410,0.26382325,0.31684141,0.24282081,0.28288715,0.23875552,0.28934109,0.25487908,0.25387445,0.25387445,0.32722212,0.26272252,0.31446159,0.30469384,0.22800473,0.23419777,0.22513284,0.27483300,0.09839845,0.11360395,0.14747629,0.10299339,0.10187226,0.10922583,0.10440317,0.10426230,0.10398157,0.09496826,0.11975968,0.09876219,0.09686571,0.09734496,0.11222004,0.11586462,0.11732784,0.11156038,0.12601412,0.09908315,0.10382129,0.10986252,0.11091813,0.10906540,0.09863550,0.11715571,0.14342919,0.14461072,0.10944359,0.10061978,0.12171404,0.11987076,0.11574910,0.10488015,0.08598147,0.09049505,0.11817109,0.10631195,0.10604714,0.12126265,0.10011882,0.10671451,0.14814984,0.20472005,0.00000000,0.09634813,0.14582383
0.27021586,0.29719372,0.33621408,0.19454379,0.29485025,0.24109711,0.24887640,0.25411036,0.35189612,0.21600193,0.24015454,0.21790983,0.23834201,0.17933833,0.18171678,0.26218258,0.28038203,0.28788379,0.19139874,0.33311324,0.34474949,0.31566772,0.23863510,0.27245400,0.31824501,0.15912040,0.16012383,0.14613715,0.15966342,0.14520091,0.14793834,0.15109599,0.14408250,0.15917608,0.16301481,0.15463439,0.14297099,0.14230365,0.14859383,0.15281747,0.14156154,0.15337970,0.15513699,0.15114567,0.16110344,0.15115506,0.16312332,0.14744856,0.28628516,0.34177462,0.29874191,0.30084758,0.25534696,0.31677098,0.22999739,0.27774432,0.22334460,0.27708828,0.24783186,0.24199922,0.24199922,0.31837747,0.24766923,0.31025118,0.28591986,0.20998059,0.21830203,0.21262869,0.27622484,0.07861907,0.08192613,0.11893328,0.09639627,0.08281805,0.09019162,0.07597286,0.07950046,0.07068899,0.07308314,0.10682364,0.09436108,0.07653821,0.07123922,0.08645562,0.10240398,0.08325639,0.08086006,0.11148297,0.07248235,0.07484062,0.08082468,0.08141153,0.07824250,0.07833001,0.07388942,0.14676343,0.13349957,0.07521447,0.09281343,0.11473405,0.11089199,0.09555408,0.09159586,0.09203219,0.07878033,0.09670699,0.10967075,0.08438914,0.11340109,0.08513930,0.11823820,0.12218857,0.19896506,0.09634813,0.00000000,0.10435742
0.23343948,0.23441011,0.26003885,0.14630549,0.22138291,0.20931400,0.21984225,0.22058313,0.28035831,0.18059728,0.20728221,0.17415440,0.21171544,0.15684100,0.15857633,0.20218931,0.20896221,0.25175850,0.13603251,0.26263095,0.27059918,0.25022161,0.18705870,0.21179200,0.24231868,0.16833313,0.16885537,0.16481827,0.16779215,0.16506855,0.16458179,0.16517617,0.16317151,0.16807171,0.16872795,0.16613553,0.16448080,0.16388184,0.16609142,0.16678826,0.16394769,0.16590231,0.16693478,0.16633406,0.16841463,0.16623422,0.16928021,0.16453014,0.24537344,0.27252640,0.27443298,0.24190225,0.23835685,0.25849352,0.19781575,0.24969647,0.19105539,0.25079063,0.21366414,0.21120104,0.21120104,0.24472052,0.21499978,0.25179448,0.25530285,0.18212660,0.18584491,0.16546071,0.22690542,0.10378159,0.08910305,0.10241426,0.09776945,0.09837336,0.09920109,0.11484753,0.10075712,0.08154544,0.10286447,0.09784482,0.10131464,0.10185413,0.09897589,0.08510822,0.09586252,0.10188895,0.10667218,0.10573837,0.10216018,0.10354766,0.12574307,0.11865107,0.09315400,0.11559428,0.08586728,0.15433351,0.19509241,0.08475848,0.11786385,0.20115380,0.16285988,0.14130308,0.12851083,0.13609648,0.12966493,0.10429515,0.17684488,0.11775200,0.11925593,0.10951361,0.12907585,0.13171438,0.16021591,0.14582383,0.10435742,0.00000000
